userId,movieId
1,2160
1,2312
1,144
1,480
2,2160
2,1221
2,2890
2,1228
2,480
3,1270
4,1265
4,1197
4,1270
4,830
4,1625
4,2501
4,260
4,1961
4,527
4,474
4,2020
4,2028
5,2153
5,2160
5,1556
5,1722
5,208
5,1687
5,1831
5,1792
5,198
5,2826
5,292
5,2002
5,533
5,474
5,2028
5,480
5,95
6,1270
6,1449
6,144
6,480
7,2987
7,1188
7,728
7,2067
7,1265
7,1197
7,665
7,1270
7,2076
7,1357
7,1366
7,764
7,766
7,2171
7,1449
7,846
7,783
7,858
7,3067
7,3211
7,1625
7,100
7,1584
7,994
7,1673
7,1684
7,144
7,1900
7,159
7,2710
7,2575
7,306
7,163
7,175
7,260
7,11
7,265
7,1952
7,1961
7,41
7,527
7,1203
7,1204
7,1217
7,2890
7,1224
7,480
7,627
7,1094
8,1254
8,906
8,858
8,1942
8,260
8,1961
8,2940
8,1221
8,2028
9,2053
9,1265
9,1625
9,1797
9,1961
9,527
10,2990
10,1252
10,1256
10,1188
10,587
10,3007
10,2067
10,1265
10,1197
10,1270
10,1344
10,1293
10,2312
10,1513
10,2245
10,1387
10,858
10,3067
10,2352
10,1625
10,1480
10,1488
10,1635
10,100
10,1722
10,3255
10,1653
10,3189
10,1663
10,998
10,3274
10,1673
10,208
10,1687
10,2706
10,2710
10,1772
10,306
10,170
10,249
10,1792
10,1942
10,260
10,265
10,198
10,1952
10,346
10,1961
10,1101
10,363
10,292
10,1112
10,377
10,1127
10,2795
10,527
10,2002
10,1204
10,2883
10,474
10,2020
10,1221
10,2890
10,2028
10,2893
10,1228
10,480
10,482
10,95
10,1237
10,1094
10,707
11,2987
11,2070
11,1513
11,3255
11,2485
11,2706
11,2710
11,2581
11,2028
12,2987
12,1265
12,1268
12,1197
12,1270
12,1344
12,2076
12,1357
12,2160
12,1293
12,2097
12,1297
12,766
12,2171
12,1449
12,1387
12,1635
12,1653
12,1584
12,2474
12,1673
12,141
12,2710
12,1797
12,260
12,11
12,265
12,1952
12,1015
12,1961
12,282
12,1032
12,1035
12,527
12,2005
12,1203
12,538
12,2010
12,2020
12,2028
12,1084
12,480
12,1094
12,492
13,1188
13,3007
13,803
13,1265
13,1268
13,2071
13,1357
13,766
13,783
13,858
13,1535
13,1399
13,2276
13,1480
13,2501
13,2502
13,2435
13,1635
13,3255
13,1653
13,3186
13,1733
13,994
13,1673
13,205
13,144
13,2702
13,1900
13,2710
13,2575
13,2583
13,175
13,249
13,11
13,2679
13,265
13,269
13,271
13,282
13,1043
13,1119
13,377
13,57
13,1054
13,388
13,538
13,2883
13,1147
13,2890
13,2028
13,480
13,1094
13,492
14,1739
15,2053
15,2087
15,766
15,3050
15,1488
15,885
15,3255
15,3186
15,1584
15,3189
15,1672
15,1673
15,1831
15,1848
15,175
15,1862
15,2596
15,260
15,11
15,265
15,26
15,1961
15,527
15,2002
15,2890
15,1224
15,2028
15,480
16,2067
16,1265
16,3061
16,2501
16,3259
16,1947
16,1032
16,1035
16,2028
17,1270
17,1663
17,2474
17,210
17,11
17,377
17,2795
17,383
17,474
17,2028
17,480
18,2987
18,2990
18,587
18,5
18,2134
18,2067
18,1265
18,1197
18,3014
18,1270
18,1359
18,2161
18,830
18,1297
18,2245
18,2249
18,1378
18,1387
18,783
18,2409
18,3070
18,2352
18,3243
18,3248
18,2378
18,2450
18,1722
18,3255
18,3259
18,1584
18,1663
18,2393
18,3198
18,2476
18,208
18,141
18,151
18,170
18,260
18,1017
18,1019
18,1961
18,1101
18,377
18,1127
18,2002
18,2005
18,474
18,2021
18,1224
18,2028
18,480
18,95
18,707
18,2116
18,2043
18,2118
19,1188
19,587
19,1348
19,1513
19,3255
19,1673
19,141
19,1848
19,249
19,265
19,527
19,2028
20,2987
20,587
20,1265
20,1197
20,1270
20,2161
20,830
20,1513
20,2245
20,1556
20,3248
20,3255
20,3259
20,1584
20,1593
20,1672
20,2485
20,2701
20,2706
20,305
20,2581
20,1792
20,1101
20,1043
20,377
20,2795
20,2005
21,2795
21,480
21,492
22,2053
22,587
22,1265
22,1197
22,2142
22,1270
22,1359
22,783
22,1399
22,1722
22,3255
22,3189
22,1593
22,2485
22,2581
22,1797
22,260
22,11
22,1015
22,343
22,1961
22,361
22,377
22,527
22,1203
22,480
22,484
23,2987
23,1254
23,2067
23,1265
23,1197
23,3011
23,1270
23,2160
23,3037
23,1293
23,1387
23,858
23,3061
23,949
23,3152
23,2352
23,1480
23,2501
23,3244
23,3255
23,1653
23,3259
23,1663
23,3198
23,994
23,144
23,2633
23,2662
23,1947
23,260
23,11
23,198
23,1952
23,1961
23,1101
23,1035
23,2926
23,377
23,2863
23,1127
23,2795
23,2020
23,1221
23,1228
23,1084
23,480
23,1094
24,2987
24,2053
24,1252
24,1188
24,728
24,587
24,5
24,2134
24,1265
24,1197
24,2143
24,1270
24,2153
24,1359
24,2160
24,2161
24,2162
24,830
24,1297
24,837
24,1513
24,2184
24,927
24,783
24,1535
24,3067
24,2413
24,3070
24,2352
24,1625
24,1556
24,950
24,2502
24,1490
24,3248
24,102
24,2378
24,3255
24,1653
24,1584
24,3189
24,1663
24,2393
24,994
24,1673
24,205
24,208
24,2558
24,2485
24,141
24,144
24,2701
24,2706
24,1831
24,151
24,2719
24,2574
24,2581
24,249
24,2662
24,1947
24,1875
24,260
24,11
24,198
24,1015
24,1961
24,429
24,1035
24,292
24,2926
24,1046
24,377
24,1127
24,1996
24,527
24,388
24,2002
24,2005
24,2883
24,470
24,473
24,474
24,88
24,2020
24,2021
24,2890
24,2028
24,1228
24,480
24,558
24,95
24,1094
24,492
25,1197
25,596
25,1270
25,3028
25,2087
25,906
25,2097
25,950
25,1663
25,1673
25,2662
25,1875
25,260
25,1035
25,377
26,949
26,1584
26,480
27,2987
27,2053
27,1188
27,5
27,1197
27,2142
27,1270
27,1344
27,2153
27,830
27,2249
27,1387
27,2409
27,1556
27,2502
27,1635
27,2378
27,3255
27,1653
27,1584
27,2393
27,208
27,1750
27,2701
27,1831
27,2662
27,1947
27,260
27,11
27,1015
27,1019
27,1101
27,1127
27,2009
27,2882
27,2021
27,480
27,95
27,2118
28,1256
28,1265
28,1197
28,1270
28,858
28,994
28,260
28,1203
28,1221
29,1293
29,3217
29,1635
29,1673
29,1952
29,1961
29,1972
29,527
29,2028
29,1228
30,2987
30,1265
30,1197
30,1270
30,1387
30,2413
30,1625
30,2501
30,1663
30,260
30,1035
30,361
30,2924
30,377
30,1127
30,2890
30,2028
30,480
31,1270
31,1293
31,2312
31,2245
31,2352
31,1663
31,1961
31,1217
31,1228
32,2987
32,1256
32,1188
32,1265
32,1197
32,2076
32,3037
32,2171
32,858
32,2330
32,3067
32,1947
32,363
32,2863
32,2010
32,1147
32,1221
32,1228
32,1094
33,2987
33,1252
33,1513
33,2710
33,2581
33,1127
34,1188
34,1261
34,1348
34,858
34,3067
34,1480
34,2662
34,260
34,2924
34,1221
35,1265
35,260
35,265
35,2863
35,1197
35,1387
35,1947
35,377
35,527
36,2987
36,1252
36,1256
36,587
36,5
36,3007
36,2060
36,1265
36,1270
36,2087
36,3037
36,1297
36,2245
36,2249
36,1449
36,2450
36,3255
36,3259
36,3261
36,1663
36,2485
36,1875
36,260
36,265
36,1101
36,2884
36,474
36,480
36,2134
36,1197
36,1359
36,1387
36,858
36,2502
36,2378
36,2381
36,2382
36,1584
36,2393
36,2706
36,151
36,1797
36,1947
36,1961
36,1035
36,2924
36,2926
36,2795
36,69
36,2005
36,1217
36,88
36,2021
36,1221
36,2028
36,1228
36,1094
37,2987
37,1265
37,1270
37,1297
37,2413
37,3243
37,1653
37,260
37,2826
37,411
37,480
37,2116
37,2134
37,803
37,1378
37,2352
37,2393
37,2702
37,2706
37,2710
37,1772
37,2596
37,2926
37,511
37,1204
37,1094
38,2053
38,587
38,5
38,1270
38,2098
38,3061
38,1663
38,1687
38,1831
38,1837
38,1848
38,480
38,2142
38,830
38,2352
38,1713
38,2378
38,2381
38,2393
38,141
38,2701
38,1772
38,2795
38,87
39,2987
39,1252
39,5
39,1261
39,1265
39,596
39,3013
39,2071
39,1270
39,2076
39,1293
39,764
39,766
39,2245
39,911
39,1449
39,782
39,3208
39,2413
39,1625
39,1480
39,1483
39,1488
39,2435
39,3243
39,2450
39,3255
39,1663
39,994
39,998
39,3274
39,1672
39,1673
39,208
39,210
39,1687
39,1689
39,1831
39,1693
39,229
39,240
39,249
39,1866
39,259
39,1875
39,260
39,2826
39,282
39,1101
39,2844
39,1112
39,1127
39,451
39,1130
39,2883
39,473
39,474
39,2890
39,2898
39,482
39,492
39,2118
39,1188
39,2134
39,1197
39,809
39,1357
39,2160
39,2161
39,1366
39,1513
39,1378
39,1387
39,858
39,3152
39,2501
39,2502
39,103
39,1722
39,3186
39,1584
39,3189
39,1593
39,135
39,2558
39,2701
39,2702
39,2706
39,151
39,159
39,2710
39,305
39,306
39,163
39,2583
39,2586
39,170
39,175
39,1792
39,2596
39,1946
39,1947
39,11
39,198
39,1952
39,20
39,26
39,1961
39,1972
39,1035
39,1975
39,360
39,361
39,41
39,511
39,377
39,57
39,1991
39,1054
39,527
39,528
39,387
39,69
39,2002
39,2005
39,1204
39,390
39,1217
39,540
39,544
39,88
39,2020
39,1221
39,2028
39,1228
39,1084
39,92
39,1094
39,707
39,1241
40,2987
40,2990
40,1252
40,1256
40,1261
40,1265
40,1270
40,2076
40,3037
40,1297
40,2245
40,2249
40,782
40,3208
40,2409
40,3070
40,1625
40,2435
40,2450
40,3255
40,3261
40,1663
40,3274
40,2476
40,208
40,1687
40,2633
40,1831
40,2654
40,260
40,2826
40,1101
40,474
40,2890
40,480
40,2118
40,2134
40,1194
40,1197
40,1348
40,2153
40,2161
40,1513
40,1378
40,1387
40,858
40,1556
40,2502
40,1722
40,2393
40,141
40,144
40,2701
40,2706
40,2710
40,1772
40,163
40,175
40,1792
40,11
40,1019
40,1961
40,2926
40,377
40,2795
40,527
40,2002
40,2005
40,533
40,1221
40,2028
40,1228
40,95
40,1237
41,2662
41,260
41,292
41,1127
41,480
41,2161
41,1387
41,858
41,3139
41,3153
41,2393
41,1019
41,377
41,533
41,2021
41,1221
41,2028
41,95
41,2043
42,2053
42,1653
42,1831
42,1848
42,260
42,474
42,480
42,1162
42,2143
42,2161
42,2162
42,1584
42,2393
42,2701
42,377
42,2021
42,558
42,707
43,1961
43,527
44,2987
44,1270
44,2826
44,1127
44,1513
44,2502
44,2701
44,2702
44,2706
44,2710
44,2719
44,2581
44,1961
44,69
45,2987
45,587
45,1261
45,2087
45,2245
45,3051
45,783
45,2409
45,3255
45,1673
45,208
45,2499
45,1344
45,2160
45,2312
45,858
45,2352
45,3186
45,1584
45,1947
45,1961
45,1032
45,1035
45,527
45,88
45,2020
45,1221
45,2028
45,1094
46,2987
46,1252
46,1256
46,587
46,3007
46,1265
46,3014
46,1270
46,2076
46,3037
46,3208
46,949
46,3235
46,3261
46,1663
46,1673
46,260
46,265
46,1147
46,627
46,1163
46,492
46,2116
46,2134
46,1194
46,1357
46,2160
46,830
46,1513
46,1387
46,2352
46,1558
46,2502
46,1565
46,144
46,2702
46,2706
46,2710
46,305
46,1961
46,2926
46,1054
46,2795
46,527
46,69
46,1224
46,1228
46,1094
47,1256
47,1270
47,911
47,3244
47,3261
47,1663
47,265
47,1357
47,2171
47,2352
47,1556
47,2502
47,1946
47,1947
47,11
47,377
47,527
48,2987
48,2701
48,2706
49,1197
49,343
50,260
50,480
50,1197
50,2393
50,527
50,2028
51,587
51,1265
51,3255
51,141
51,2706
51,2581
51,11
51,69
52,2987
52,587
52,2203
52,2067
52,1265
52,1270
52,2073
52,2076
52,2087
52,3037
52,906
52,1297
52,1625
52,1480
52,1653
52,1663
52,994
52,1673
52,2499
52,260
52,265
52,292
52,1127
52,2883
52,474
52,2890
52,480
52,2116
52,2134
52,1197
52,2161
52,2312
52,2184
52,1387
52,858
52,3152
52,2352
52,2378
52,1584
52,141
52,151
52,2583
52,1947
52,11
52,1017
52,1019
52,1961
52,1035
52,2795
52,527
52,1203
52,1221
52,2028
53,1270
53,1127
53,2706
53,2581
53,1792
53,1221
54,2987
54,1252
54,2070
54,1270
54,1293
54,3061
54,3067
54,1635
54,994
54,1131
54,480
54,492
54,1188
54,858
54,2357
54,2501
54,3198
54,2583
54,1946
54,1947
54,1952
54,2757
54,1035
54,41
54,1054
54,1203
54,1217
54,1221
55,1270
55,260
55,1127
55,1163
55,665
55,1513
55,896
55,1900
55,2706
55,1058
55,2010
55,2020
56,3208
56,1480
56,208
56,1831
56,1862
56,292
56,474
56,480
56,1722
56,2701
56,2710
56,2719
56,163
56,1974
56,1975
56,527
56,95
57,1387
58,2987
58,1265
58,260
58,2890
58,1513
58,2502
58,11
58,511
58,527
59,3013
59,1387
59,2710
59,1972
60,587
60,1265
60,3063
60,2485
60,1684
60,265
60,474
60,1188
60,1357
60,2502
60,1722
60,2558
60,2583
60,1792
60,361
60,377
60,1094
61,587
61,1758
61,2028
62,587
62,1261
62,1265
62,1270
62,2409
62,3070
62,3235
62,3243
62,208
62,2662
62,260
62,1101
62,292
62,1127
62,2890
62,480
62,2134
62,1197
62,2143
62,1344
62,2161
62,2162
62,1387
62,858
62,2502
62,2365
62,2378
62,2393
62,141
62,2710
62,170
62,2596
62,198
62,2926
62,377
62,527
62,69
62,2005
62,2021
62,1221
62,2028
63,2987
63,1270
63,1431
63,782
63,783
63,3063
63,1483
63,1488
63,1635
63,2298
63,3255
63,998
63,3274
63,1672
63,208
63,1687
63,1831
63,1693
63,1866
63,260
63,2826
63,292
63,474
63,2890
63,480
63,1197
63,809
63,2142
63,858
63,1722
63,1584
63,2540
63,1752
63,2701
63,306
63,163
63,2586
63,1792
63,11
63,1961
63,41
63,377
63,527
63,2002
63,540
63,2020
63,1221
63,2028
63,1228
63,92
63,95
64,2987
64,2053
64,587
64,1265
64,1270
64,1431
64,783
64,1625
64,3248
64,208
64,2485
64,480
64,1359
64,1387
64,1713
64,1722
64,1584
64,2706
64,2710
64,1772
64,2581
64,170
64,1015
64,20
64,1983
64,1046
64,377
64,528
64,88
65,2325
65,2706
65,2028
66,2203
66,596
66,1270
66,906
66,3061
66,1625
66,973
66,1653
66,1673
66,2662
66,1127
66,474
66,885
66,11
66,1961
66,1203
67,2987
67,2990
67,2053
67,587
67,2060
67,1261
67,1265
67,1270
67,2087
67,1431
67,1297
67,2249
67,3061
67,3208
67,2409
67,2413
67,1625
67,1495
67,3243
67,2450
67,3255
67,1653
67,3259
67,1663
67,3274
67,1673
67,208
67,1687
67,1689
67,1831
67,1693
67,2662
67,1866
67,260
67,2826
67,429
67,1101
67,292
67,1127
67,2883
67,470
67,473
67,474
67,2890
67,480
67,2102
67,1188
67,2134
67,1194
67,1197
67,2142
67,1344
67,2153
67,1359
67,1513
67,1378
67,1387
67,858
67,2195
67,1556
67,2502
67,1722
67,2381
67,2382
67,1739
67,141
67,2701
67,2702
67,2706
67,151
67,2710
67,1772
67,163
67,2581
67,170
67,2596
67,1947
67,11
67,198
67,1019
67,20
67,1961
67,1032
67,1035
67,511
67,2786
67,377
67,2795
67,527
67,69
67,2002
67,1203
67,544
67,88
67,1221
67,2028
67,1228
67,93
67,95
67,1241
68,260
68,480
68,2160
68,1019
68,1035
69,1490
69,260
69,1127
69,858
69,2701
69,2710
69,163
70,596
70,1270
70,2087
70,3061
70,3217
70,1625
70,3244
70,260
70,2153
70,858
70,1947
70,11
70,1952
70,1961
70,1035
70,2926
70,2021
70,2028
71,2987
71,1252
71,1254
71,1256
71,587
71,2067
71,1265
71,3011
71,2070
71,1270
71,3037
71,1293
71,3061
71,3244
71,973
71,3255
71,2476
71,208
71,1831
71,2662
71,260
71,2826
71,1101
71,2863
71,480
71,2102
71,2134
71,1197
71,2312
71,1387
71,858
71,3152
71,2352
71,2502
71,2367
71,3198
71,2701
71,2706
71,2710
71,2719
71,1772
71,1946
71,1947
71,1019
71,1961
71,1035
71,377
71,527
71,2002
71,1217
71,2021
71,1221
71,2028
71,1228
71,1084
71,95
71,2043
72,2987
72,587
72,1261
72,1265
72,1270
72,2087
72,2409
72,2450
72,1653
72,1663
72,1848
72,249
72,260
72,1101
72,1130
72,1326
72,2134
72,1197
72,2143
72,2161
72,2162
72,1513
72,1378
72,858
72,2365
72,2367
72,2701
72,2740
72,1015
72,1017
72,1961
72,1972
72,1974
72,1975
72,1983
72,2005
72,2021
72,2028
72,558
73,2990
73,2053
73,1261
73,1265
73,1270
73,1297
73,783
73,1625
73,1653
73,3261
73,1831
73,259
73,260
73,1127
73,474
73,480
73,2134
73,1197
73,2142
73,1357
73,1359
73,2162
73,1378
73,2352
73,2378
73,1722
73,1584
73,2393
73,2710
73,163
73,170
73,198
73,1015
73,377
73,2002
73,2028
73,558
74,2987
74,1252
74,1254
74,1256
74,728
74,587
74,3007
74,2070
74,1270
74,3037
74,1293
74,2276
74,3244
74,3255
74,260
74,1127
74,1131
74,1147
74,480
74,1197
74,1357
74,1513
74,1387
74,858
74,3152
74,2367
74,1946
74,1947
74,1961
74,1035
74,377
74,527
74,1203
74,1204
74,2009
74,538
74,2020
74,1221
74,2028
74,1228
75,3255
75,1673
75,480
75,2160
76,1256
76,596
76,2070
76,1270
76,2087
76,3037
76,1293
76,2097
76,2245
76,950
76,3255
76,994
76,260
76,2863
76,1162
76,492
76,1197
76,1348
76,830
76,148
76,306
76,1797
76,1952
76,1017
76,1961
76,1032
76,1035
76,1204
76,1094
77,2987
77,2485
77,1513
77,1221
77,2028
78,2053
78,1252
78,587
78,3007
78,1261
78,1265
78,596
78,3011
78,2076
78,3037
78,764
78,1449
78,927
78,3069
78,792
78,3217
78,949
78,1635
78,3244
78,3255
78,994
78,3274
78,2474
78,1673
78,208
78,2499
78,2662
78,1875
78,2826
78,429
78,2844
78,2848
78,1127
78,1130
78,2890
78,1305
78,492
78,1197
78,1344
78,1348
78,2160
78,2161
78,3111
78,1513
78,850
78,1387
78,858
78,1399
78,3152
78,2352
78,2502
78,2367
78,3186
78,2537
78,2702
78,1947
78,1952
78,2757
78,1961
78,1974
78,2926
78,377
78,1999
78,2940
78,1204
78,2009
78,390
78,2010
78,1217
78,2021
78,1221
78,2970
78,1237
79,587
79,5
79,1265
79,1268
79,2249
79,782
79,1625
79,1480
79,1483
79,1488
79,1635
79,3248
79,3255
79,1653
79,3259
79,3261
79,994
79,3274
79,1673
79,208
79,2485
79,229
79,249
79,1875
79,265
79,1101
79,2849
79,292
79,1127
79,603
79,474
79,2890
79,480
79,2118
79,1197
79,2153
79,1357
79,2160
79,830
79,1556
79,100
79,3186
79,1584
79,3189
79,1593
79,2558
79,141
79,144
79,2701
79,2706
79,2719
79,2581
79,11
79,198
79,346
79,1035
79,361
79,1043
79,377
79,527
79,2002
79,538
79,2020
79,2028
79,92
79,95
79,1094
79,707
80,2053
80,1270
80,265
80,480
80,1197
80,1584
80,2393
80,527
81,1673
81,260
81,527
81,2028
82,2987
82,1252
82,1625
82,695
82,2710
82,2719
82,2583
82,527
83,2987
83,1252
83,587
83,2067
83,1265
83,2070
83,1270
83,3028
83,2087
83,3037
83,1293
83,2245
83,911
83,2409
83,3070
83,1625
83,1488
83,3244
83,3255
83,1653
83,3259
83,1672
83,208
83,260
83,1101
83,292
83,1127
83,474
83,2890
83,480
83,1197
83,2161
83,1387
83,858
83,3153
83,2378
83,2381
83,2382
83,1584
83,3198
83,2701
83,151
83,1772
83,1947
83,1017
83,1019
83,1961
83,1032
83,1035
83,2924
83,377
83,527
83,383
83,2002
83,1203
83,2020
83,1221
83,2028
83,1084
83,1094
83,2043
84,3274
84,292
84,480
84,3189
84,1972
84,1035
84,377
84,527
84,2028
84,95
85,1252
85,1270
85,2076
85,3037
85,1293
85,3244
85,1673
85,260
85,615
85,480
85,1387
85,858
85,3152
85,144
85,1961
85,2795
85,1221
85,2028
86,2098
86,260
86,480
86,2160
86,858
86,1797
86,1961
86,1035
86,527
86,1204
86,1221
87,2987
87,587
87,1270
87,2076
87,1293
87,1625
87,1653
87,3274
87,1673
87,2476
87,260
87,1101
87,292
87,1127
87,474
87,480
87,482
87,2116
87,858
87,2502
87,1584
87,2393
87,2540
87,2741
87,198
87,1961
87,377
87,527
87,1203
87,2021
87,1221
87,2028
87,1094
88,1265
88,2071
88,1449
88,265
88,269
88,2192
88,3189
88,175
88,1797
88,41
88,377
88,1058
88,527
88,2028
88,1094
89,1252
89,1254
89,1256
89,1265
89,596
89,2076
89,1293
89,949
89,950
89,260
89,1188
89,858
89,1952
89,527
89,1204
89,1217
89,1221
89,1224
89,2028
89,1084
90,1252
90,2203
90,2940
91,2409
91,1488
91,2474
91,480
91,858
91,3198
91,1961
91,527
91,2028
92,2710
92,2719
93,2990
93,1653
93,994
93,1584
93,198
93,527
93,2028
94,1293
94,1673
94,480
94,100
94,1584
94,3198
94,2710
94,1961
94,1221
94,2028
95,3063
95,1693
95,858
95,540
95,2020
95,2028
96,1270
96,1635
96,1848
96,260
96,2118
96,2143
96,2161
96,1387
96,858
96,2710
96,2719
96,1983
96,527
96,1999
96,2005
96,2021
96,1221
96,1228
96,2043
97,1252
97,1254
97,2203
97,3007
97,1265
97,911
97,3067
97,949
97,950
97,2287
97,1631
97,3093
97,3244
97,994
97,1673
97,2483
97,260
97,1138
97,1147
97,1152
97,480
97,1162
97,665
97,1344
97,1348
97,2160
97,2307
97,837
97,2184
97,858
97,2330
97,3152
97,2503
97,2554
97,144
97,1900
97,2705
97,306
97,28
97,1035
97,2923
97,527
97,1204
97,2010
97,1217
97,2021
97,1221
97,1224
97,1228
97,1084
97,1237
98,1252
98,1254
98,1256
98,728
98,3007
98,1261
98,1265
98,1268
98,3011
98,3014
98,2212
98,2070
98,1270
98,2073
98,2076
98,3037
98,906
98,1297
98,766
98,2245
98,911
98,1449
98,927
98,3061
98,3063
98,3067
98,3069
98,2413
98,3070
98,3217
98,949
98,1625
98,1480
98,2283
98,1483
98,950
98,1488
98,3235
98,2435
98,1635
98,2298
98,970
98,3255
98,1653
98,3261
98,1662
98,1663
98,994
98,1673
98,1689
98,1831
98,229
98,249
98,2662
98,259
98,1875
98,260
98,265
98,1880
98,411
98,429
98,2844
98,2849
98,1112
98,1116
98,1119
98,2863
98,1127
98,451
98,2883
98,1147
98,472
98,474
98,2890
98,2893
98,627
98,482
98,2102
98,1305
98,1162
98,492
98,1188
98,2134
98,1197
98,1344
98,1351
98,1357
98,2160
98,1366
98,695
98,3111
98,2312
98,1513
98,2171
98,1378
98,846
98,2184
98,858
98,2330
98,2195
98,862
98,3152
98,2352
98,2502
98,896
98,1722
98,1584
98,1733
98,2540
98,141
98,144
98,148
98,149
98,1900
98,2706
98,1767
98,151
98,159
98,2575
98,306
98,163
98,175
98,1797
98,1942
98,1946
98,1947
98,1952
98,346
98,26
98,28
98,1961
98,1032
98,501
98,1035
98,361
98,363
98,41
98,2924
98,2926
98,1043
98,513
98,2786
98,57
98,2795
98,527
98,528
98,387
98,388
98,1203
98,1204
98,2009
98,538
98,2010
98,540
98,1221
98,1224
98,2028
98,1228
98,1084
98,95
98,1236
98,1094
98,707
99,1265
99,2485
99,2502
99,1722
99,3189
99,1593
99,2558
99,1043
100,480
100,141
100,2028
101,587
101,1265
101,249
101,265
101,1188
101,1357
101,858
101,3186
101,11
101,360
101,361
102,1270
102,260
102,858
102,527
102,1203
102,2028
103,2987
103,718
103,2990
103,2053
103,1252
103,1254
103,1256
103,728
103,587
103,2203
103,3007
103,1261
103,2067
103,1265
103,1268
103,3014
103,2212
103,2070
103,1270
103,2076
103,3028
103,3037
103,1293
103,906
103,1297
103,2245
103,2249
103,1449
103,782
103,3061
103,2409
103,3067
103,3211
103,2413
103,3070
103,3217
103,3079
103,3221
103,1625
103,2283
103,1483
103,950
103,1488
103,1631
103,3093
103,1635
103,3243
103,3244
103,3248
103,973
103,2450
103,3255
103,1653
103,3259
103,1663
103,994
103,3274
103,2474
103,1673
103,2476
103,208
103,210
103,1687
103,1689
103,1831
103,1693
103,1848
103,2662
103,1862
103,1866
103,2810
103,2670
103,260
103,2826
103,282
103,1101
103,292
103,2862
103,2863
103,1127
103,1130
103,1147
103,615
103,472
103,474
103,2890
103,1152
103,480
103,1305
103,492
103,1188
103,2134
103,1197
103,2143
103,1344
103,1348
103,2153
103,1359
103,2160
103,3109
103,1366
103,3111
103,1513
103,2171
103,1378
103,1387
103,858
103,1399
103,3152
103,2352
103,1556
103,1713
103,2378
103,1722
103,1584
103,3189
103,2393
103,1593
103,3198
103,2540
103,135
103,141
103,144
103,2701
103,2702
103,2706
103,151
103,159
103,2710
103,2719
103,305
103,306
103,2581
103,2583
103,170
103,2737
103,1792
103,1797
103,2741
103,1942
103,1946
103,1947
103,11
103,1952
103,1017
103,2757
103,1019
103,20
103,28
103,1961
103,1035
103,1974
103,361
103,41
103,2924
103,2926
103,511
103,377
103,2932
103,1054
103,2795
103,527
103,383
103,69
103,2002
103,2940
103,1203
103,1204
103,2009
103,533
103,538
103,2010
103,1217
103,540
103,544
103,2020
103,2021
103,1221
103,1224
103,2028
103,1228
103,1084
103,95
103,2970
103,1237
103,1094
103,707
104,1101
104,480
104,2143
104,527
105,2987
105,1252
105,2203
105,2067
105,906
105,2653
105,2654
105,1152
105,1188
105,1344
105,1348
105,2160
105,1387
105,1946
105,1947
105,2020
105,1094
106,260
106,480
106,1197
106,1387
106,198
107,1254
107,1270
107,1337
108,1254
108,2076
108,3037
108,3079
108,260
108,1305
108,1357
108,3152
108,3198
108,1952
108,2757
108,1961
108,527
108,2028
109,2987
109,1252
109,587
109,1265
109,1270
109,1293
109,1297
109,2276
109,1625
109,1480
109,1631
109,1635
109,1653
109,1663
109,994
109,2474
109,1673
109,260
109,265
109,282
109,1101
109,1127
109,1130
109,474
109,2890
109,480
109,482
109,2118
109,1197
109,2143
109,1344
109,2160
109,2312
109,1378
109,1387
109,858
109,3152
109,1722
109,1584
109,3198
109,2540
109,144
109,151
109,11
109,1952
109,1961
109,1043
109,377
109,527
109,383
109,69
109,1203
109,1204
109,2021
109,1221
109,2028
109,1228
109,1084
109,1094
110,2987
110,1256
110,1265
110,3255
110,1663
110,2485
110,1837
110,1866
110,1875
110,2883
110,1194
110,2142
110,837
110,1513
110,2325
110,2195
110,2502
110,1713
110,141
110,2701
110,2706
110,2710
110,2574
110,2581
110,11
110,1952
110,2926
110,513
110,2795
110,69
110,2002
110,1228
111,1265
111,3037
111,1663
111,2863
111,858
111,57
112,1127
112,1513
112,2502
112,2706
112,2581
112,527
112,2028
113,2060
113,1268
113,766
113,3067
113,1635
113,1673
113,2501
113,144
113,306
113,1947
113,501
113,1035
113,41
113,1046
113,528
113,2028
113,1236
113,1094
114,2987
114,2990
114,1252
114,1254
114,1256
114,587
114,3007
114,2060
114,1261
114,1265
114,1268
114,1270
114,2076
114,766
114,3070
114,1625
114,2283
114,2287
114,1635
114,1653
114,3261
114,1663
114,994
114,1673
114,249
114,1875
114,260
114,265
114,429
114,1101
114,292
114,1127
114,1130
114,474
114,480
114,627
114,492
114,2116
114,2118
114,1197
114,1348
114,2160
114,830
114,1513
114,1387
114,858
114,3142
114,3153
114,2502
114,2377
114,2378
114,1584
114,141
114,144
114,2701
114,2702
114,2706
114,159
114,2710
114,2583
114,11
114,198
114,1952
114,1019
114,1974
114,2926
114,377
114,1991
114,2795
114,527
114,1999
114,1203
114,1204
114,2009
114,390
114,2010
114,1217
114,2020
114,2021
114,1221
114,1228
114,1084
114,95
114,1237
114,1094
114,707
115,1293
115,3111
115,144
116,2987
116,2070
116,480
116,1305
116,2701
116,2706
116,2581
116,377
117,5
117,1265
117,1270
117,205
117,2485
117,1848
117,1875
117,260
117,1127
117,603
117,1188
117,837
117,1513
117,2171
117,2502
117,141
117,144
117,2706
117,11
117,69
117,2002
117,1221
118,2987
118,587
118,1261
118,1265
118,1270
118,2087
118,1449
118,3051
118,783
118,2413
118,1612
118,2276
118,3079
118,1625
118,1635
118,3255
118,1653
118,3259
118,3261
118,994
118,2485
118,1687
118,1831
118,229
118,249
118,1866
118,1875
118,260
118,265
118,2826
118,282
118,429
118,1127
118,1147
118,2893
118,480
118,1188
118,656
118,1197
118,2143
118,1344
118,1357
118,2161
118,2312
118,1513
118,2171
118,1378
118,1535
118,1399
118,2357
118,2501
118,1722
118,1584
118,3189
118,1733
118,1593
118,2558
118,141
118,1758
118,144
118,2701
118,2706
118,151
118,305
118,2581
118,170
118,175
118,1947
118,198
118,26
118,1961
118,1032
118,1035
118,360
118,361
118,41
118,1043
118,377
118,1054
118,527
118,2002
118,2005
118,538
118,540
118,88
118,2021
118,2028
118,95
118,1094
118,2045
119,1261
119,2097
119,2633
119,2653
119,2654
119,1862
119,1130
119,2118
119,1337
119,1348
119,2160
119,2367
119,2377
119,2554
119,1752
119,2719
119,1961
119,1974
119,1975
119,1983
119,1996
119,1999
120,2076
120,1673
120,480
120,1961
120,1035
121,1252
121,858
121,1584
121,2710
121,1221
122,1254
122,587
122,1265
122,1270
122,3070
122,1625
122,2287
122,994
122,1673
122,260
122,2826
122,1112
122,1127
122,1147
122,474
122,2890
122,480
122,627
122,482
122,2118
122,1197
122,2143
122,1357
122,2160
122,2161
122,1378
122,1387
122,858
122,2357
122,1584
122,149
122,2710
122,163
122,198
122,377
122,527
122,383
122,2005
122,1204
122,1221
122,2028
123,2987
123,2053
123,1252
123,587
123,1265
123,1268
123,596
123,1270
123,2087
123,1431
123,1293
123,783
123,2450
123,3255
123,3259
123,3261
123,1672
123,1673
123,208
123,260
123,1101
123,292
123,1127
123,474
123,2890
123,480
123,2102
123,1197
123,1378
123,1387
123,2501
123,2502
123,1722
123,1584
123,141
123,2706
123,170
123,175
123,1797
123,11
123,1017
123,1961
123,1032
123,1035
123,361
123,377
123,527
123,2005
123,2028
123,95
124,2662
124,480
124,2160
124,858
125,1252
125,260
125,2863
125,480
125,858
125,1952
125,2924
125,527
125,1084
126,2987
126,2990
126,2053
126,1252
126,1256
126,587
126,5
126,2060
126,1261
126,2067
126,1265
126,596
126,1270
126,3028
126,2087
126,1293
126,1297
126,2249
126,1449
126,782
126,783
126,3208
126,2413
126,1625
126,2287
126,3243
126,1646
126,3255
126,1653
126,3259
126,3261
126,1663
126,994
126,3274
126,1672
126,1673
126,2476
126,208
126,1687
126,1689
126,2633
126,1831
126,1693
126,2654
126,249
126,2662
126,1862
126,260
126,2826
126,429
126,1101
126,1127
126,1130
126,473
126,474
126,2890
126,480
126,2116
126,2118
126,2134
126,1194
126,1197
126,2143
126,1344
126,1348
126,2153
126,1357
126,1359
126,2160
126,2161
126,830
126,1366
126,1513
126,2325
126,1387
126,858
126,2195
126,1399
126,1556
126,2501
126,2502
126,2378
126,1722
126,2381
126,2382
126,3186
126,1584
126,2540
126,1752
126,2701
126,2706
126,2710
126,2719
126,2574
126,1772
126,305
126,163
126,170
126,1792
126,1946
126,11
126,198
126,1952
126,1015
126,26
126,1961
126,1032
126,1972
126,1974
126,1975
126,360
126,1983
126,513
126,377
126,1991
126,2795
126,1996
126,527
126,2002
126,2005
126,1203
126,1204
126,533
126,2010
126,544
126,88
126,2020
126,1221
126,1224
126,2028
126,1228
126,1084
126,92
126,95
126,1237
126,1094
126,1241
126,2045
127,1488
127,2890
127,527
127,2028
128,5
128,3208
128,1488
128,260
128,1127
128,1387
128,858
128,1722
128,2540
128,1792
128,377
128,533
128,2028
128,95
129,1270
129,1293
129,1653
129,260
129,2862
129,1127
129,1197
129,2357
129,2502
129,2710
129,2575
129,1947
129,527
129,2010
129,2028
130,2863
130,1188
130,858
130,2502
130,151
131,1261
131,1480
131,3274
131,1673
131,240
131,260
131,1101
131,292
131,1127
131,474
131,480
131,1197
131,809
131,2160
131,1378
131,1387
131,858
131,1722
131,144
131,198
131,1035
131,1221
131,2028
132,2053
132,1265
132,1653
132,1831
132,260
132,480
132,1556
132,2501
132,1584
132,2701
132,1792
132,1961
132,377
132,2028
132,95
133,1265
133,1449
133,1663
133,1197
133,1513
133,2502
133,1722
133,2706
133,2581
133,1961
134,1625
134,994
134,1689
134,1831
134,492
134,695
134,858
134,2357
134,2583
134,527
134,2028
135,998
135,1689
135,2826
135,2188
135,1387
135,2706
135,2710
135,1221
136,2987
136,2990
136,1252
136,3007
136,1261
136,1265
136,1270
136,2076
136,2087
136,1293
136,1449
136,3061
136,3208
136,1625
136,1480
136,1635
136,994
136,1673
136,1831
136,2499
136,1875
136,260
136,292
136,2863
136,1127
136,1147
136,474
136,2890
136,480
136,2102
136,1188
136,1197
136,1387
136,858
136,3153
136,2502
136,1584
136,2393
136,141
136,144
136,2701
136,2706
136,163
136,1792
136,1032
136,1046
136,377
136,527
136,2002
136,1221
136,2028
136,1228
136,95
136,2970
136,1094
137,2987
137,2070
137,3051
137,2485
137,2670
137,2826
137,1127
137,2188
137,2502
137,2701
137,2702
137,2706
137,2710
137,2719
137,2581
138,480
138,144
138,2021
139,596
139,1270
139,2102
139,1032
140,1197
140,3142
140,2501
140,2028
140,1094
141,2987
141,1252
141,1254
141,2067
141,1265
141,1270
141,2076
141,2087
141,3037
141,906
141,911
141,1449
141,3061
141,3067
141,3070
141,949
141,950
141,1663
141,2499
141,260
141,1119
141,1131
141,492
141,1188
141,1348
141,2312
141,1387
141,858
141,3142
141,2352
141,1947
141,1032
141,1035
141,363
141,2926
141,2932
141,527
141,2940
141,1204
141,2010
141,1217
141,2020
141,1221
141,2970
141,1236
141,1094
142,265
142,480
142,1556
142,2706
142,2710
142,377
142,538
143,2987
143,260
143,1399
143,2706
143,538
144,2067
144,1265
144,3011
144,1293
144,3093
144,1131
144,3111
144,3152
144,2352
144,527
144,1221
144,2028
144,1228
144,1084
144,1094
145,1252
145,1256
145,587
145,2203
145,2067
145,1265
145,596
145,1270
145,2076
145,1293
145,906
145,2245
145,911
145,2409
145,3070
145,1625
145,1480
145,950
145,2287
145,1488
145,1631
145,3093
145,3244
145,3255
145,1653
145,1673
145,2476
145,208
145,1693
145,2662
145,2669
145,2670
145,260
145,2826
145,292
145,2863
145,1127
145,1130
145,1147
145,474
145,2890
145,1152
145,480
145,2118
145,1197
145,1344
145,2160
145,3111
145,2312
145,2184
145,1387
145,858
145,3143
145,3152
145,1722
145,1584
145,2393
145,3198
145,151
145,2710
145,2583
145,2743
145,1942
145,1947
145,11
145,198
145,1952
145,1961
145,1035
145,377
145,2795
145,527
145,383
145,1203
145,1204
145,87
145,1221
145,1224
145,2028
145,1084
145,1094
146,2987
146,1252
146,587
146,1265
146,596
146,1270
146,2087
146,782
146,783
146,3063
146,3070
146,1625
146,1483
146,2450
146,1653
146,3259
146,3261
146,1831
146,259
146,260
146,265
146,2826
146,1101
146,292
146,1127
146,474
146,2890
146,480
146,482
146,2116
146,2134
146,1197
146,665
146,2143
146,1344
146,2161
146,1556
146,2502
146,100
146,1584
146,2393
146,151
146,163
146,170
146,11
146,198
146,1019
146,1961
146,1032
146,41
146,377
146,527
146,2020
146,2021
146,2028
146,93
146,95
146,1094
146,2043
147,3007
147,260
147,2826
147,1101
147,474
147,480
147,1387
147,1952
147,511
147,2028
148,2987
148,1261
148,1265
148,208
148,480
148,2502
148,2701
148,2706
148,2710
148,2596
148,69
148,2005
148,88
149,2485
149,260
149,1127
149,1513
149,2706
149,2710
149,2581
150,2987
150,3235
150,527
151,596
151,2087
151,783
151,260
151,1101
151,480
151,1197
151,2161
151,1387
151,1032
151,1035
151,2005
152,2987
152,587
152,1270
152,3255
152,260
152,1197
152,2312
152,2502
152,2706
152,2710
152,11
152,1961
152,1035
152,2795
152,527
152,2028
153,2987
153,1252
153,587
153,2067
153,1265
153,1270
153,906
153,2097
153,2245
153,911
153,3061
153,3244
153,1663
153,2485
153,2499
153,2670
153,260
153,1101
153,1127
153,480
153,1197
153,2153
153,2160
153,1513
153,1535
153,2352
153,2367
153,1722
153,2393
153,2701
153,2710
153,2575
153,1947
153,11
153,1035
153,360
153,2002
153,2940
153,1204
153,2020
153,2021
154,2987
154,2990
154,587
154,5
154,1265
154,1270
154,2076
154,3028
154,2087
154,3037
154,1293
154,2097
154,1297
154,2245
154,783
154,2409
154,3070
154,1625
154,2287
154,3243
154,3244
154,2450
154,3255
154,3259
154,3261
154,1663
154,2474
154,1673
154,2476
154,208
154,1687
154,1831
154,1693
154,2662
154,1875
154,260
154,1101
154,292
154,2862
154,2863
154,1127
154,1130
154,2883
154,473
154,474
154,2890
154,480
154,1162
154,2116
154,1188
154,2134
154,1194
154,1197
154,2143
154,1357
154,1359
154,2160
154,2161
154,2162
154,2312
154,1513
154,2171
154,1387
154,858
154,1556
154,2502
154,2367
154,2377
154,2378
154,1722
154,1584
154,2393
154,3198
154,1752
154,1758
154,144
154,2701
154,2706
154,159
154,2710
154,163
154,175
154,1947
154,11
154,198
154,1952
154,1017
154,1019
154,346
154,1961
154,1032
154,1035
154,1974
154,2926
154,511
154,377
154,2795
154,527
154,2002
154,2005
154,1204
154,2009
154,533
154,540
154,544
154,88
154,2020
154,2021
154,1221
154,2028
154,1084
154,93
154,95
154,2970
154,1094
155,2987
155,1252
155,1256
155,587
155,1265
155,596
155,1270
155,2087
155,3037
155,906
155,3061
155,950
155,1635
155,994
155,260
155,265
155,2863
155,2890
155,2102
155,492
155,1188
155,1387
155,858
155,3153
155,2501
155,1947
155,1017
155,1032
155,41
155,527
155,1204
155,2010
155,2021
155,1221
155,2028
155,1084
155,568
156,2987
156,587
156,1268
156,596
156,1270
156,2087
156,1297
156,2450
156,3255
156,1673
156,1687
156,1831
156,2662
156,260
156,1101
156,292
156,1127
156,474
156,480
156,1197
156,2142
156,2143
156,2161
156,1378
156,1387
156,858
156,1556
156,2502
156,1584
156,2701
156,2710
156,2719
156,1019
156,1961
156,1032
156,2926
156,377
156,1996
156,383
156,2002
156,2005
156,540
156,2021
156,2028
156,95
157,1256
157,3244
157,1348
157,858
157,2010
157,1237
158,1646
158,2893
158,3189
158,527
159,1293
159,3067
159,949
159,260
159,474
159,1197
159,2160
159,1387
159,858
159,3198
159,306
159,1952
159,501
159,527
159,1204
159,1221
159,2028
159,1084
160,1265
160,1270
160,3037
160,1449
160,2276
160,1635
160,3244
160,3261
160,1663
160,994
160,1673
160,1689
160,265
160,1101
160,603
160,1197
160,2352
160,144
160,2706
160,306
160,2581
160,11
160,1961
160,501
160,513
160,2028
160,1094
161,1490
161,2485
161,282
161,2701
161,2706
161,2710
161,2719
162,1673
162,480
162,1197
162,2160
162,858
162,1035
163,1265
163,1270
163,1663
163,1689
163,2883
163,2890
163,1513
163,2502
163,2706
164,2987
164,2990
164,2053
164,587
164,5
164,2060
164,1261
164,1265
164,596
164,1270
164,3028
164,2087
164,1431
164,3037
164,1293
164,2097
164,2249
164,1449
164,782
164,783
164,3208
164,2409
164,2413
164,3070
164,1635
164,1495
164,3243
164,3248
164,3255
164,1653
164,1663
164,994
164,2474
164,1672
164,208
164,1687
164,1689
164,1831
164,1693
164,1848
164,1862
164,260
164,271
164,429
164,1101
164,292
164,1127
164,470
164,473
164,474
164,2890
164,480
164,1163
164,2116
164,1194
164,1197
164,809
164,2143
164,1359
164,2161
164,2162
164,830
164,837
164,1513
164,1387
164,858
164,2195
164,1556
164,885
164,888
164,2502
164,2367
164,102
164,2378
164,1722
164,2381
164,2382
164,1584
164,2393
164,135
164,1750
164,141
164,2706
164,2719
164,1772
164,163
164,1792
164,11
164,1015
164,20
164,1961
164,1032
164,1035
164,1974
164,511
164,377
164,1991
164,2795
164,527
164,383
164,387
164,69
164,2002
164,2005
164,1204
164,533
164,75
164,88
164,2021
164,1221
164,2028
164,1228
164,558
164,95
165,2987
165,3007
165,1261
165,1265
165,596
165,1270
165,2087
165,1293
165,1449
165,783
165,1625
165,1653
165,1673
165,260
165,2890
165,480
165,1197
165,2161
165,1387
165,858
165,2502
165,141
165,2706
165,1947
165,1032
165,377
165,527
165,2005
165,2021
165,1221
165,2028
165,1228
165,558
166,1265
166,1673
166,1513
166,2706
166,2710
167,2502
167,2702
167,2028
168,1672
168,1831
168,260
168,1101
168,1127
168,2116
168,1556
168,1722
168,1752
168,2719
168,1792
169,1265
169,1431
169,260
169,292
169,2501
169,2502
169,3189
169,2706
169,1015
169,2028
170,2987
170,1252
170,1254
170,1256
170,587
170,2067
170,1265
170,596
170,3011
170,2070
170,1270
170,2076
170,3028
170,2087
170,3037
170,1293
170,1297
170,2246
170,911
170,3061
170,3070
170,949
170,1480
170,2283
170,950
170,2287
170,3244
170,970
170,3255
170,1663
170,994
170,2476
170,1689
170,1693
170,2662
170,2669
170,2670
170,1875
170,260
170,2883
170,615
170,474
170,2890
170,480
170,1305
170,492
170,1188
170,2134
170,1197
170,1344
170,830
170,1513
170,2184
170,1387
170,858
170,3143
170,3152
170,2352
170,2501
170,2378
170,1584
170,3198
170,144
170,1772
170,306
170,1925
170,1942
170,1947
170,1952
170,1019
170,1961
170,1035
170,41
170,377
170,2932
170,527
170,528
170,2002
170,1203
170,1204
170,2009
170,2010
170,2021
170,1224
170,2028
170,1084
170,1237
170,1094
170,707
170,2043
171,2987
171,587
171,1265
171,596
171,1270
171,2087
171,783
171,1625
171,3243
171,3255
171,3261
171,1848
171,260
171,1880
171,2883
171,474
171,480
171,2116
171,1197
171,809
171,1344
171,2161
171,1513
171,3142
171,2502
171,1713
171,3186
171,3189
171,2558
171,144
171,2706
171,2581
171,1947
171,11
171,1032
171,1035
171,377
171,527
171,69
172,2987
172,1270
172,1673
172,260
172,1127
172,480
172,1513
172,2502
172,2706
172,2719
172,2581
173,2053
173,1265
173,1449
173,3255
173,1653
173,1866
173,2826
173,292
173,1147
173,2890
173,480
173,1197
173,2162
173,1387
173,858
173,1722
173,1584
173,2393
173,2701
173,377
173,88
173,558
174,587
174,1265
174,1270
174,3051
174,3255
174,1673
174,2485
174,260
174,1513
174,1556
174,2502
174,3189
174,2558
174,2706
174,2719
174,2574
174,11
174,1961
174,377
174,2002
174,87
174,88
174,2028
175,2060
175,1265
175,1270
175,1431
175,3208
175,1646
175,208
175,1687
175,260
175,480
175,1197
175,2142
175,2153
175,1359
175,837
175,1387
175,2195
175,867
175,2501
175,2502
175,1722
175,2393
175,2574
175,170
175,377
175,69
175,75
175,87
175,558
176,2053
176,2826
176,1127
176,2706
176,2710
177,260
177,292
177,480
177,1387
177,2367
177,1752
177,377
177,2028
178,1268
178,2071
178,906
178,2276
178,1480
178,2283
178,1488
178,3255
178,994
178,1672
178,1673
178,205
178,1693
178,229
178,271
178,282
178,292
178,2882
178,2890
178,480
178,1357
178,2307
178,1366
178,1535
178,1399
178,2501
178,3186
178,1584
178,151
178,11
178,26
178,361
178,527
178,538
178,2028
178,92
179,1265
179,3189
179,527
179,1241
180,2987
180,2053
180,1252
180,1254
180,1256
180,2067
180,1265
180,1270
180,950
180,1488
180,1653
180,1689
180,1848
180,2670
180,260
180,2863
180,473
180,2890
180,480
180,1197
180,1357
180,2160
180,2312
180,1387
180,858
180,1713
180,1584
180,2393
180,151
180,1925
180,2583
180,1946
180,1947
180,1952
180,1015
180,1035
180,527
180,2005
180,1204
180,2020
180,1221
180,2028
180,1084
180,1094
181,1646
181,260
181,2826
181,1127
181,858
181,3198
181,527
181,1221
181,2028
182,2987
182,1270
182,2076
182,3067
182,3070
182,1663
182,994
182,1131
182,480
182,1188
182,1961
182,2926
182,1217
182,1094
183,1297
183,260
183,2160
183,1035
183,538
183,2028
184,3069
184,3070
184,2826
184,1127
184,3153
184,1019
184,1203
184,1221
185,2987
185,1513
185,2502
185,527
186,1972
186,1035
186,533
187,2087
187,3061
187,1943
187,1947
187,1032
187,1035
188,2987
188,1252
188,911
188,950
188,2670
188,1127
188,830
188,2701
188,2706
189,2053
189,5
189,1265
189,1431
189,1490
189,3243
189,3248
189,3255
189,998
189,3274
189,1831
189,470
189,474
189,2890
189,480
189,809
189,2142
189,1359
189,1513
189,2195
189,1556
189,1713
189,3189
189,1739
189,2558
189,1772
189,1792
189,20
189,377
189,387
189,2002
189,538
189,2028
190,2987
190,2990
190,728
190,587
190,1261
190,1265
190,1268
190,596
190,2212
190,1270
190,1293
190,1297
190,2245
190,911
190,783
190,3208
190,2409
190,2413
190,3070
190,3079
190,950
190,3243
190,3255
190,1663
190,994
190,2474
190,208
190,1689
190,260
190,1101
190,1131
190,480
190,492
190,1188
190,2134
190,1197
190,2153
190,2312
190,1513
190,1378
190,1387
190,2378
190,1722
190,148
190,2701
190,2706
190,2710
190,2719
190,2581
190,1947
190,28
190,1961
190,1035
190,361
190,377
190,2020
190,1094
191,480
191,2160
192,1270
192,1653
192,208
192,1831
192,260
192,1101
192,1127
192,474
192,480
192,2161
192,1378
192,858
192,1035
192,377
192,2021
192,2028
192,95
193,858
193,1961
193,1221
194,2987
194,2053
194,1252
194,1256
194,587
194,1265
194,1268
194,1270
194,2249
194,3070
194,3243
194,3248
194,3255
194,1663
194,1673
194,208
194,1831
194,260
194,292
194,474
194,2890
194,480
194,2134
194,1197
194,1359
194,1378
194,858
194,2352
194,1556
194,2501
194,1713
194,2378
194,1722
194,3186
194,1584
194,2393
194,141
194,2706
194,2710
194,377
194,2795
194,527
194,2002
194,390
194,538
194,1224
194,2028
194,95
195,587
195,2409
195,1653
195,1663
195,282
195,1131
195,1162
195,2118
195,1341
195,2153
195,2352
195,2357
195,2502
195,2701
195,175
195,377
195,527
195,1221
195,2028
195,1094
196,2987
196,1270
196,2097
196,783
196,3070
196,2450
196,1663
196,2633
196,1831
196,2662
196,260
196,2826
196,1127
196,1130
196,480
196,2116
196,1197
196,1348
196,2161
196,1387
196,2352
196,2393
196,2701
196,1019
196,2009
196,1217
196,2021
197,1261
197,1265
197,3255
197,480
197,1556
197,2502
197,1722
197,11
197,346
197,527
197,2028
198,2987
198,260
198,1101
198,1197
198,858
198,1946
198,1961
198,527
198,1221
198,2028
199,2987
199,2067
199,1265
199,1268
199,1270
199,1297
199,949
199,3255
199,3261
199,1663
199,2474
199,1673
199,1693
199,260
199,1101
199,1127
199,1130
199,2118
199,2160
199,695
199,1513
199,1387
199,858
199,2501
199,2502
199,1584
199,3189
199,3198
199,141
199,2706
199,2710
199,11
199,1961
199,377
199,2795
199,527
199,1204
199,1221
199,2028
199,1094
200,1270
200,11
201,1252
201,1256
201,1270
201,2670
201,260
201,1378
201,858
201,2795
201,527
201,1204
201,1221
202,728
202,1265
202,1270
202,3037
202,3067
202,2352
202,1961
202,2926
202,2028
203,3011
203,3255
203,11
204,2070
204,480
204,1961
205,2987
205,1252
205,1254
205,1256
205,728
205,2203
205,1261
205,2067
205,1265
205,596
205,3011
205,2070
205,2071
205,1270
205,2076
205,2087
205,3037
205,1293
205,906
205,911
205,1449
205,2409
205,3067
205,3069
205,3217
205,949
205,1480
205,950
205,2287
205,3093
205,1653
205,994
205,1673
205,2662
205,260
205,2863
205,1127
205,1131
205,1147
205,474
205,2890
205,480
205,482
205,1162
205,1188
205,1197
205,1348
205,1357
205,2160
205,1378
205,1387
205,858
205,1535
205,3152
205,2352
205,1584
205,2710
205,306
205,1942
205,1946
205,1947
205,1952
205,1019
205,1961
205,501
205,1035
205,2923
205,2924
205,377
205,2932
205,527
205,387
205,2940
205,1203
205,1204
205,2009
205,538
205,2010
205,1217
205,2020
205,1221
205,1224
205,2028
205,1228
205,1084
205,2970
205,1237
205,1094
206,2087
206,1663
206,260
206,1127
206,2143
206,2161
206,2162
206,3153
206,2502
206,2706
206,2710
206,2005
206,2021
206,1221
207,2987
207,596
207,1270
207,2087
207,783
207,1831
207,259
207,260
207,1127
207,480
207,2116
207,858
207,1584
207,141
207,1032
207,527
207,2002
207,1221
207,2028
208,1252
208,587
208,2203
208,1265
208,2212
208,906
208,911
208,927
208,1625
208,1480
208,950
208,3093
208,1635
208,3244
208,1673
208,229
208,249
208,260
208,265
208,1101
208,292
208,451
208,1147
208,474
208,2118
208,1197
208,1344
208,1357
208,2160
208,695
208,2171
208,2184
208,1387
208,858
208,3152
208,2352
208,2501
208,1722
208,1584
208,144
208,163
208,2581
208,1942
208,1946
208,1947
208,11
208,1952
208,377
208,527
208,1203
208,1204
208,1217
208,1221
208,2028
208,1228
208,1084
208,1094
208,707
209,1252
209,1256
209,2067
209,3028
209,1293
209,3061
209,1693
209,2670
209,260
209,2312
209,1513
209,1387
209,858
209,3152
209,2352
209,2501
209,2795
209,527
209,2028
210,858
210,2352
210,2501
210,1046
210,527
210,2020
210,2028
210,1084
210,1094
211,2060
211,1265
211,1270
211,1293
211,3061
211,3063
211,1483
211,1488
211,3248
211,210
211,1831
211,1693
211,1862
211,260
211,473
211,2890
211,837
211,2325
211,858
211,1713
211,1584
211,2393
211,1744
211,135
211,2706
211,1772
211,163
211,1015
211,343
211,377
211,527
211,383
211,2002
211,88
211,1221
211,2028
211,93
211,2045
212,1261
212,2287
212,2476
212,2633
212,2654
212,2662
212,2669
212,1130
212,480
212,2118
212,1337
212,1341
212,2160
212,1387
212,3143
212,2377
212,2710
212,2719
212,1974
212,1983
212,1991
212,527
212,1204
212,2028
213,1197
213,2701
214,728
214,5
214,1265
214,1270
214,2087
214,1297
214,2245
214,2413
214,1635
214,3248
214,1646
214,3255
214,1653
214,1663
214,1673
214,260
214,265
214,1188
214,1197
214,1378
214,2381
214,2382
214,1593
214,2581
214,1947
214,1961
214,1032
214,1035
214,2786
214,527
214,2028
215,2987
215,1252
215,3274
215,208
215,1831
215,292
215,474
215,1344
215,2153
215,1722
215,1752
215,163
215,1792
215,377
215,533
215,2028
216,587
216,2245
216,783
216,3255
216,480
216,1357
216,830
216,11
216,1961
216,377
216,1224
217,2076
217,3037
217,265
217,1387
217,858
217,2710
217,527
217,2010
217,2028
218,1270
218,3070
218,2287
218,1653
218,208
218,2662
218,260
218,474
218,480
218,2116
218,2153
218,1722
218,1584
218,2393
218,198
218,1019
218,377
218,2028
219,1265
219,1270
219,1449
219,3070
219,2450
219,260
219,1127
219,1197
219,2143
219,2161
219,2005
219,2021
219,558
220,587
220,1265
220,1270
220,3037
220,3255
220,2352
220,11
220,2795
221,858
221,896
221,306
221,1221
221,1094
222,1265
222,1625
222,260
222,480
222,1197
222,1722
222,1947
223,587
223,1270
223,2245
223,2409
223,1625
223,1635
223,1653
223,1831
223,2662
223,260
223,265
223,1127
223,480
223,492
223,1188
223,1584
223,2583
223,198
223,1961
223,1203
223,2010
223,2021
223,2970
223,1094
224,2882
224,480
224,858
224,527
225,1252
225,1256
225,260
225,858
225,1228
226,2987
226,2633
226,260
226,1101
226,1341
226,1387
226,858
226,1713
226,2710
226,1961
226,527
226,2028
227,1252
227,260
227,1197
227,1348
227,1387
227,858
227,527
227,1224
227,1228
227,1084
227,1237
228,1270
228,1689
228,260
228,1197
228,2143
228,3153
228,1584
228,527
228,2005
228,2021
229,2987
229,1256
229,587
229,5
229,2060
229,1261
229,1265
229,596
229,1270
229,2087
229,1431
229,3067
229,3248
229,3255
229,1653
229,3261
229,3274
229,1673
229,208
229,2485
229,1831
229,260
229,1101
229,480
229,1197
229,2142
229,2143
229,2161
229,2162
229,2188
229,1387
229,858
229,2195
229,1556
229,2502
229,1722
229,1584
229,2393
229,2701
229,2706
229,2710
229,2719
229,163
229,1015
229,377
229,527
229,2002
229,2005
229,88
229,1221
229,2028
229,1094
230,2987
230,1256
230,3070
230,1673
230,1866
230,260
230,2826
230,1127
230,474
230,480
230,1197
230,2160
230,2325
230,1387
230,858
230,1722
230,2540
230,163
230,1792
230,387
230,2002
230,2005
230,538
230,2028
230,95
231,2890
231,480
231,858
231,3153
231,1019
231,1203
232,1270
232,3037
232,2245
232,783
232,1625
232,1663
232,1689
232,260
232,1127
232,480
232,492
232,1197
232,1378
232,858
232,2352
232,2393
232,1019
232,527
233,1261
233,2710
234,2987
234,1265
234,260
234,1197
234,1513
234,1584
234,2706
234,1947
234,1961
234,361
234,2028
235,3186
236,1252
236,1254
236,2076
236,3037
236,260
236,615
236,858
236,3152
236,1952
236,1961
236,527
236,2020
236,2028
236,1228
236,1084
236,1094
237,1256
237,2076
237,3061
237,949
237,950
237,2287
237,994
237,2662
237,2863
237,480
237,1357
237,2352
237,1946
237,1947
237,1952
237,1035
237,2926
237,527
237,1203
237,2020
237,1084
237,1094
238,587
238,2067
238,3011
238,1270
238,2087
238,1293
238,950
238,3261
238,1131
238,1147
238,1197
238,1357
238,2160
238,1387
238,858
238,144
238,151
238,306
238,1947
238,11
238,1961
238,1035
238,361
238,377
238,1203
238,2020
238,1221
238,2028
238,1228
238,1084
238,1094
239,2990
239,1270
239,1297
239,1488
239,1663
239,1866
239,260
239,1101
239,1127
239,1131
239,474
239,480
239,1197
239,858
239,2330
239,1722
239,2540
239,306
239,163
239,198
239,2924
239,377
239,2795
239,527
239,1221
239,1224
240,2053
240,1265
240,1270
240,3255
240,1653
240,1831
240,260
240,2883
240,480
240,1197
240,858
240,2378
240,1584
240,2393
241,1265
241,1270
241,3255
241,1672
241,1673
241,1689
241,1693
241,480
241,1584
241,141
241,377
241,527
242,858
242,2702
242,2028
243,1265
243,1653
243,1693
243,260
243,2826
243,1127
243,2883
243,1197
243,858
243,2501
243,3198
243,2706
243,2581
243,1035
243,527
243,2028
244,2987
244,2990
244,1261
244,2067
244,596
244,1270
244,2076
244,2097
244,2413
244,3070
244,2287
244,2450
244,1653
244,1663
244,208
244,1689
244,1831
244,1848
244,2662
244,260
244,1101
244,292
244,2863
244,1127
244,480
244,482
244,2116
244,2134
244,1197
244,2143
244,2160
244,2161
244,2162
244,1387
244,858
244,2367
244,2377
244,2378
244,1722
244,1584
244,2710
244,163
244,1035
244,2786
244,377
244,1991
244,2795
244,527
244,2005
244,1204
244,2009
244,2021
244,1221
244,2028
245,2987
245,587
245,1270
245,1297
245,2245
245,783
245,2485
245,2633
245,265
245,1188
245,1197
245,858
245,1556
245,1593
245,2558
245,141
245,2581
245,11
245,2926
245,377
245,1221
245,2028
245,1094
246,1270
246,1653
246,260
247,2987
247,1265
247,3067
247,2284
247,260
247,1101
247,2863
247,1127
247,480
247,1197
247,1387
247,1961
247,2926
247,377
247,390
247,2010
247,2028
248,587
248,2212
248,1293
248,783
248,1625
248,260
248,480
248,1344
248,2161
248,2184
248,858
248,1722
248,1584
248,2393
248,2574
248,2581
248,11
248,1035
248,377
248,527
248,1221
248,2028
249,1265
249,1270
249,1297
249,1625
249,1653
249,1663
249,2476
249,260
249,2134
249,1197
249,1387
249,2352
249,2393
249,1961
249,2924
249,2795
249,2028
250,1265
250,1270
250,1673
250,260
250,2134
250,1197
250,527
251,1265
251,1270
251,2076
251,1297
251,3070
251,1831
251,260
251,1147
251,482
251,1188
251,1197
251,1556
251,2378
251,1961
251,377
251,527
251,2010
251,2020
251,2021
251,95
252,1265
252,1270
252,1197
252,858
252,2357
252,3186
252,1900
252,527
252,1221
252,2028
253,2987
253,1252
253,1256
253,1265
253,1270
253,1293
253,3070
253,2287
253,2450
253,1653
253,1831
253,2662
253,260
253,2826
253,1101
253,2863
253,1127
253,480
253,2116
253,1197
253,858
253,3142
253,2365
253,1584
253,2393
253,2706
253,1204
253,2009
253,2010
253,1217
253,2021
253,1221
253,1224
253,2028
254,1254
254,260
254,858
254,1204
255,1252
255,1256
255,587
255,5
255,2067
255,2212
255,1270
255,2076
255,3037
255,1293
255,906
255,2249
255,782
255,3070
255,3093
255,3243
255,3255
255,3259
255,2474
255,1673
255,429
255,2862
255,1127
255,1337
255,1344
255,2153
255,1366
255,2188
255,858
255,3153
255,2352
255,2537
255,135
255,2554
255,141
255,1772
255,1797
255,1942
255,11
255,1952
255,1974
255,1975
255,2932
255,1999
255,2002
255,1204
255,2010
255,2020
255,2021
255,1221
255,1084
255,95
255,1094
255,2043
256,1265
256,1625
256,2435
256,1653
256,1673
256,480
256,2160
256,1513
256,1387
256,858
256,2706
256,2581
256,2583
256,1094
257,1261
257,1265
257,1270
257,3255
257,2654
257,260
257,627
257,1197
257,1387
257,2367
257,2710
257,163
257,69
257,2028
257,565
258,2987
258,587
258,1265
258,1270
258,260
258,1127
258,1197
258,2161
258,1513
258,2502
258,1722
258,2701
258,2706
258,2710
258,2574
258,527
258,2005
258,2028
259,1252
259,260
259,1387
259,2028
260,1256
260,1270
260,3067
260,973
260,858
261,1252
261,260
261,1344
261,850
261,858
262,2987
262,1270
262,1625
262,2826
262,1127
262,2882
262,1513
262,1387
262,2502
262,3186
262,2701
262,2702
262,2706
262,2710
262,2719
262,2574
262,2581
263,2987
263,2990
263,1252
263,1254
263,1256
263,5
263,2067
263,3011
263,2070
263,1270
263,2076
263,3028
263,2087
263,3037
263,1293
263,2098
263,2245
263,911
263,927
263,783
263,3061
263,2409
263,3067
263,2413
263,3070
263,3217
263,949
263,950
263,2287
263,2435
263,3093
263,1635
263,3243
263,3244
263,972
263,973
263,3255
263,3259
263,2474
263,2633
263,1831
263,1693
263,249
263,2662
263,2670
263,260
263,2826
263,282
263,1101
263,2848
263,292
263,2863
263,1127
263,1131
263,2883
263,474
263,2890
263,480
263,2102
263,1305
263,1162
263,1188
263,1337
263,1194
263,1197
263,1344
263,1348
263,3109
263,2161
263,830
263,837
263,3111
263,2312
263,2184
263,1387
263,858
263,3139
263,1399
263,3152
263,3153
263,2352
263,2501
263,2367
263,3171
263,3186
263,1584
263,3189
263,3198
263,2558
263,141
263,1767
263,2574
263,1772
263,2581
263,1925
263,2583
263,1942
263,1943
263,1946
263,11
263,1952
263,1017
263,2757
263,1019
263,346
263,26
263,1961
263,1032
263,2932
263,527
263,2002
263,2940
263,1203
263,1204
263,2010
263,2020
263,2021
263,1221
263,1228
263,1084
263,1237
263,1094
263,707
263,2043
264,2987
264,1256
264,3007
264,1265
264,1270
264,2076
264,1293
264,766
264,2245
264,3067
264,2284
264,1483
264,1635
264,1653
264,1663
264,994
264,1673
264,260
264,265
264,2863
264,1127
264,2890
264,480
264,1197
264,2160
264,1366
264,2171
264,858
264,2352
264,2357
264,1584
264,1758
264,2702
264,1947
264,501
264,1035
264,527
264,1204
264,538
264,2020
264,2021
264,1221
264,2028
264,1084
264,1094
265,2987
265,1625
265,2826
265,1127
265,480
265,1197
265,2502
265,2706
265,2581
265,527
266,2987
266,587
266,2060
266,1265
266,1268
266,596
266,1270
266,1431
266,2097
266,1297
266,2245
266,2249
266,3051
266,2413
266,1635
266,3243
266,3255
266,1653
266,3259
266,1673
266,208
266,1837
266,1866
266,260
266,2826
266,1101
266,2844
266,292
266,1127
266,2890
266,480
266,2134
266,1197
266,2142
266,2143
266,2153
266,1357
266,2160
266,2161
266,830
266,1513
266,2325
266,1387
266,858
266,2195
266,862
266,2502
266,3186
266,1584
266,2393
266,2540
266,135
266,2558
266,141
266,2701
266,2702
266,2706
266,151
266,2710
266,2719
266,2581
266,170
266,1797
266,1943
266,1947
266,11
266,198
266,20
266,1961
266,1035
266,1974
266,377
266,1996
266,527
266,69
266,2005
266,1203
266,538
266,2021
266,1221
266,1224
266,2028
266,95
266,1094
267,2987
267,1252
267,1261
267,1265
267,596
267,1270
267,1431
267,3070
267,949
267,1625
267,2287
267,3244
267,1663
267,1831
267,2662
267,260
267,1101
267,292
267,1127
267,1130
267,474
267,2890
267,480
267,2116
267,1188
267,1197
267,2142
267,1357
267,2160
267,2161
267,1378
267,1387
267,3153
267,2367
267,2377
267,1722
267,3186
267,1584
267,2393
267,1758
267,151
267,163
267,1925
267,1947
267,1952
267,1017
267,1019
267,1961
267,1035
267,2924
267,377
267,527
267,2002
267,2005
267,1204
267,2009
267,533
267,1217
267,2020
267,2021
267,1224
267,2028
267,1084
267,95
267,1094
268,1254
268,3070
269,2071
269,3255
269,3259
269,1673
269,2844
269,1119
269,474
269,2890
269,480
269,1584
269,11
269,1015
269,361
269,2028
269,1094
270,1270
270,260
270,1197
270,2706
270,2795
270,69
270,2002
271,1256
271,1265
271,1270
271,1194
271,1197
271,3186
271,151
271,527
271,2028
271,1094
272,2987
272,1252
272,1256
272,2067
272,596
272,3011
272,1270
272,2076
272,3028
272,3037
272,1293
272,906
272,2409
272,3217
272,3244
272,260
272,1197
272,1348
272,1387
272,858
272,2352
272,3198
272,309
272,1947
272,1952
272,1961
272,1035
272,2940
272,1204
272,2009
272,1217
272,2020
272,1221
272,1228
272,1084
272,1094
272,707
273,2987
273,2990
273,1265
273,1270
273,2413
273,1625
273,1653
273,260
273,265
273,1101
273,474
273,2890
273,480
273,2116
273,1197
273,2161
273,1378
273,1387
273,858
273,1584
273,2701
273,306
273,527
273,2005
273,1204
273,1221
273,1224
273,2028
274,2987
274,1252
274,1254
274,3007
274,1265
274,596
274,2070
274,1270
274,2073
274,3037
274,1293
274,1297
274,3063
274,2413
274,949
274,1625
274,1635
274,3244
274,3261
274,1673
274,249
274,260
274,1101
274,2863
274,1131
274,474
274,2890
274,480
274,1188
274,1197
274,1357
274,2160
274,2312
274,1387
274,858
274,3142
274,3152
274,2352
274,2502
274,2378
274,2393
274,3198
274,144
274,2710
274,306
274,1947
274,11
274,1952
274,346
274,1961
274,41
274,377
274,2795
274,527
274,2005
274,1204
274,2010
274,1217
274,2020
274,1221
274,1228
274,1084
274,2970
274,1237
274,1094
275,1625
275,265
275,527
276,2987
276,1252
276,1254
276,2067
276,1265
276,2076
276,3037
276,3093
276,3244
276,1653
276,1689
276,2662
276,260
276,1127
276,2890
276,480
276,1197
276,1348
276,1378
276,1387
276,858
276,3153
276,1584
276,1947
276,1019
276,1035
276,377
276,383
276,2005
276,1204
276,2009
276,2010
276,2020
276,2021
276,1221
276,2028
276,1084
277,2987
277,587
277,2060
277,1265
277,1268
277,1270
277,1297
277,3063
277,3070
277,2276
277,1488
277,3255
277,1653
277,3261
277,1672
277,1673
277,208
277,1687
277,1689
277,1831
277,1693
277,249
277,1862
277,1866
277,260
277,2826
277,282
277,292
277,1127
277,474
277,480
277,1197
277,2143
277,2153
277,2161
277,695
277,1513
277,2325
277,1387
277,858
277,2502
277,100
277,1722
277,1584
277,2393
277,2558
277,141
277,1758
277,2706
277,305
277,163
277,2581
277,2583
277,170
277,175
277,1792
277,11
277,198
277,383
277,2002
277,2009
277,540
277,544
277,2021
277,1221
277,2028
277,93
277,95
277,707
278,3007
278,803
278,858
278,2330
278,2540
278,2020
279,2987
279,587
279,2060
279,1265
279,1268
279,1449
279,782
279,1612
279,1625
279,1631
279,1635
279,3255
279,1653
279,3274
279,1672
279,1673
279,2485
279,1687
279,1875
279,260
279,265
279,292
279,1127
279,474
279,2890
279,1357
279,695
279,1513
279,858
279,1535
279,1399
279,2502
279,896
279,3186
279,1584
279,144
279,2702
279,2706
279,2710
279,163
279,175
279,11
279,198
279,377
279,1221
279,2028
279,1094
280,1270
280,2596
280,1221
281,1270
281,764
281,2474
281,265
281,1101
281,2134
281,1197
281,1357
281,2312
281,2171
281,858
281,2352
281,1758
281,151
281,2575
281,1961
281,2020
281,1221
282,2987
282,2287
282,480
282,1197
282,2502
282,1584
282,2706
282,2710
282,2719
282,388
282,1204
283,1256
283,1265
283,1270
283,1635
283,260
283,2844
283,2863
283,2898
283,1197
283,1357
283,2161
283,858
283,3198
283,1952
283,527
283,2005
283,1217
283,1221
283,2028
283,1241
284,2987
284,587
284,5
284,3007
284,2060
284,1261
284,1265
284,1268
284,1270
284,2076
284,1297
284,2249
284,2409
284,2413
284,1625
284,1480
284,1483
284,1488
284,1635
284,3243
284,3255
284,1653
284,3259
284,1663
284,3274
284,2474
284,1673
284,2476
284,1687
284,2633
284,1693
284,1866
284,1875
284,260
284,265
284,429
284,1101
284,292
284,1127
284,1130
284,460
284,474
284,2890
284,480
284,2118
284,2134
284,2143
284,2160
284,1513
284,1387
284,858
284,888
284,2501
284,2502
284,2367
284,103
284,2378
284,1584
284,3198
284,135
284,144
284,2701
284,2702
284,2706
284,2710
284,2719
284,2574
284,163
284,170
284,20
284,1961
284,1972
284,1974
284,1975
284,511
284,1983
284,377
284,57
284,1991
284,2795
284,527
284,1999
284,383
284,387
284,2002
284,2028
285,2826
285,1127
285,2188
285,2706
286,1265
286,260
286,1197
286,1359
286,3186
286,527
286,2002
286,2028
287,2071
287,3244
287,1653
287,994
287,1693
287,1188
287,1357
287,3186
287,1584
287,141
287,151
287,527
287,2028
287,1094
288,2987
288,1252
288,587
288,2067
288,3011
288,1270
288,1293
288,2097
288,766
288,927
288,1612
288,3079
288,1625
288,2450
288,3255
288,2662
288,260
288,265
288,1101
288,292
288,1127
288,1130
288,1305
288,1188
288,1197
288,2160
288,2161
288,1366
288,3111
288,2312
288,2325
288,1387
288,858
288,1535
288,1399
288,3152
288,2352
288,2357
288,1722
288,3186
288,3189
288,1733
288,2702
288,2706
288,2719
288,305
288,1947
288,1952
288,2757
288,2926
288,1043
288,1046
288,1991
288,2795
288,2009
288,538
288,2020
288,1221
288,1224
288,1084
289,2987
289,1252
289,1254
289,1256
289,1265
289,1270
289,3037
289,1449
289,2409
289,3070
289,1625
289,998
289,2662
289,260
289,1101
289,292
289,2883
289,474
289,2890
289,480
289,1194
289,1344
289,3142
289,163
289,2583
289,11
289,1952
289,2924
289,2926
289,527
289,1203
289,2020
289,2021
289,1228
289,95
289,1094
289,707
290,2987
290,2990
290,1261
290,596
290,2087
290,783
290,3208
290,2409
290,2476
290,208
290,1831
290,2662
290,260
290,1101
290,292
290,1127
290,480
290,2116
290,1197
290,2142
290,1378
290,1387
290,3153
290,1556
290,2365
290,2367
290,1722
290,1739
290,2701
290,163
290,170
290,2737
290,20
290,1032
290,377
290,2002
290,2028
290,558
290,95
291,2990
291,1252
291,1270
291,1662
291,260
291,1101
291,1127
291,474
291,480
291,1197
291,1344
291,1357
291,1378
291,1387
291,858
291,3152
291,1722
291,3198
291,163
291,1952
291,377
291,527
291,1203
291,1204
291,544
291,1221
291,2028
291,1228
291,1084
291,1094
292,2987
292,2990
292,2053
292,1256
292,587
292,2067
292,1265
292,1270
292,1431
292,3037
292,1293
292,2245
292,2409
292,2413
292,3070
292,3244
292,3248
292,2450
292,3255
292,1653
292,3274
292,1672
292,2476
292,208
292,1687
292,1689
292,1831
292,1693
292,1848
292,2662
292,2669
292,260
292,2826
292,292
292,2862
292,1127
292,2890
292,480
292,2102
292,2116
292,2134
292,1194
292,1197
292,2143
292,2153
292,830
292,837
292,1513
292,1378
292,858
292,3153
292,2367
292,1713
292,1584
292,2393
292,3198
292,135
292,2701
292,151
292,159
292,2574
292,1772
292,163
292,1925
292,1792
292,2741
292,1943
292,198
292,1017
292,1961
292,2786
292,527
292,383
292,2002
292,2005
292,1204
292,2009
292,533
292,87
292,1221
292,2028
292,1084
292,2043
293,3255
293,858
293,1584
293,527
293,2028
294,2987
294,1265
294,1270
294,3037
294,2249
294,3070
294,2287
294,3244
294,3255
294,1831
294,2669
294,2670
294,260
294,2863
294,1127
294,480
294,2116
294,1197
294,1513
294,2352
294,2377
294,1584
294,2393
294,2701
294,2710
294,1019
294,527
294,1204
294,2009
294,2021
294,2028
295,2987
295,1270
295,2245
295,3051
295,1625
295,1663
295,2633
295,260
295,2826
295,1101
295,480
295,1197
295,1378
295,1387
295,2352
295,1722
295,3186
295,3189
295,2393
295,2702
295,2706
295,2719
295,163
295,1792
295,198
295,377
295,2795
295,2002
295,95
296,2987
296,1252
296,1256
296,2203
296,2067
296,1265
296,3037
296,911
296,3093
296,265
296,1162
296,1188
296,1197
296,1344
296,28
296,377
296,383
296,2940
296,2020
296,1094
296,707
297,2987
297,2990
297,1254
297,587
297,1265
297,2070
297,1270
297,2076
297,3037
297,2245
297,2249
297,2409
297,1625
297,3093
297,1635
297,3243
297,3259
297,1663
297,994
297,3274
297,2474
297,1673
297,2476
297,1693
297,249
297,260
297,2826
297,1101
297,292
297,451
297,1147
297,474
297,2890
297,480
297,482
297,2116
297,2118
297,2134
297,2160
297,2161
297,1387
297,858
297,2352
297,2378
297,2381
297,2382
297,2393
297,3198
297,2701
297,2702
297,2706
297,2710
297,175
297,1952
297,1961
297,2795
297,527
297,388
297,2002
297,2009
297,1217
297,2020
297,2021
297,1221
297,2028
297,1228
298,2987
298,2990
298,1254
298,587
298,5
298,2067
298,1265
298,1270
298,2087
298,1431
298,1297
298,2245
298,911
298,3063
298,2409
298,1488
298,1496
298,3243
298,3244
298,3255
298,1653
298,3259
298,3261
298,1663
298,994
298,3274
298,2476
298,208
298,2485
298,1687
298,1831
298,1693
298,229
298,2662
298,1862
298,259
298,260
298,282
298,1101
298,292
298,1127
298,2883
298,1147
298,474
298,480
298,1197
298,1357
298,1359
298,1378
298,1387
298,858
298,2195
298,2352
298,1556
298,2501
298,2367
298,1722
298,3186
298,2393
298,1593
298,141
298,144
298,2701
298,2702
298,2706
298,151
298,2710
298,2719
298,2581
298,1792
298,1797
298,1947
298,11
298,198
298,1017
298,1019
298,33
298,361
298,511
298,513
298,377
298,2795
298,527
298,528
298,1999
298,2002
298,2005
298,1204
298,533
298,540
298,88
298,2020
298,1221
298,2028
298,95
298,1094
299,2413
299,3079
299,2679
299,482
299,2312
299,1387
299,1584
300,2987
300,2053
300,587
300,5
300,3007
300,1270
300,1297
300,782
300,2409
300,3243
300,2450
300,3259
300,1663
300,3274
300,2474
300,208
300,2485
300,260
300,2826
300,1101
300,603
300,474
300,2890
300,480
300,482
300,2134
300,1197
300,2153
300,2161
300,1378
300,1387
300,858
300,2502
300,2378
300,1722
300,2381
300,1593
300,2558
300,141
300,2702
300,2706
300,2710
300,163
300,175
300,11
300,20
300,1961
300,361
300,511
300,377
300,527
300,528
300,2002
300,2005
300,544
300,1221
300,2028
300,1228
300,95
300,1094
301,2053
301,587
301,5
301,2067
301,1265
301,783
301,3255
301,1653
301,1831
301,1848
301,2826
301,292
301,480
301,2501
301,1584
301,2701
301,2706
301,2719
301,1947
301,1952
301,1032
301,1035
301,527
301,1204
301,2028
301,1084
301,1094
302,2987
302,1252
302,1256
302,1265
302,596
302,1270
302,2087
302,1293
302,3067
302,1625
302,1496
302,994
302,1673
302,260
302,265
302,1147
302,474
302,480
302,1197
302,1357
302,1513
302,1387
302,858
302,3152
302,2352
302,1584
302,2702
302,2706
302,2710
302,306
302,1947
302,1952
302,1961
302,1035
302,2932
302,527
302,69
302,1203
302,1204
302,1217
302,2020
302,1221
302,1224
302,2028
302,1228
302,1084
302,1237
302,1094
303,2987
303,2990
303,1252
303,728
303,1265
303,2071
303,1270
303,2076
303,3028
303,2245
303,911
303,1449
303,3067
303,2413
303,3070
303,1625
303,1631
303,1635
303,1490
303,3255
303,1653
303,1663
303,994
303,3274
303,2474
303,1673
303,2476
303,2485
303,249
303,260
303,265
303,1130
303,474
303,2890
303,480
303,627
303,2118
303,2134
303,1197
303,809
303,2143
303,1357
303,2171
303,2184
303,858
303,1399
303,2357
303,2378
303,1722
303,3189
303,2393
303,3198
303,2702
303,2706
303,151
303,159
303,2710
303,306
303,170
303,11
303,26
303,1961
303,1035
303,361
303,41
303,377
303,2795
303,1203
303,538
303,2020
303,1221
303,1224
303,2028
303,1084
303,1237
303,1094
303,707
304,1256
304,3007
304,1265
304,1270
304,3037
304,3070
304,1483
304,2450
304,3255
304,1653
304,3261
304,260
304,265
304,1101
304,292
304,1127
304,474
304,2118
304,1197
304,2143
304,1357
304,2161
304,850
304,858
304,1713
304,1722
304,163
304,513
304,377
304,527
304,2005
304,1217
304,2028
304,567
305,1270
305,1387
305,1032
305,538
305,1224
305,2028
306,3014
306,1270
306,1431
306,2097
306,2249
306,2413
306,3248
306,3255
306,1663
306,1672
306,1673
306,205
306,2485
306,292
306,1326
306,2134
306,1194
306,1197
306,1359
306,1378
306,2352
306,2378
306,2381
306,2382
306,144
306,2706
306,2710
306,11
306,1972
306,1974
306,1975
306,1983
306,1991
306,2795
306,527
306,2002
306,2028
307,2987
307,2990
307,1265
307,1270
307,2087
307,1297
307,3208
307,3070
307,1653
307,1663
307,2476
307,208
307,1831
307,260
307,1127
307,2890
307,480
307,2134
307,1197
307,1556
307,2501
307,2502
307,2378
307,1722
307,1584
307,2393
307,141
307,2701
307,2706
307,151
307,170
307,1792
307,198
307,377
307,2795
307,2002
307,533
307,95
308,1252
308,1254
308,2203
308,1265
308,2087
308,906
308,3061
308,3070
308,2662
308,260
308,265
308,2863
308,1387
308,858
308,2352
308,2357
308,1772
308,306
308,1946
308,1947
308,1032
308,2926
308,527
308,2940
308,1203
308,1204
308,2020
308,1221
308,2028
308,1084
308,1094
309,728
309,587
309,2249
309,1449
309,1480
309,3255
309,3261
309,1689
309,474
309,1188
309,141
309,11
309,377
310,2987
310,1265
310,596
310,1270
310,2087
310,1431
310,1293
310,782
310,2409
310,1625
310,3243
310,2450
310,3255
310,1663
310,2474
310,208
310,1831
310,1693
310,260
310,282
310,1101
310,1127
310,474
310,480
310,2142
310,2153
310,2161
310,1378
310,1387
310,858
310,2502
310,2378
310,141
310,2701
310,1947
310,11
310,1035
310,377
310,527
310,383
310,2002
310,2005
310,95
311,1265
311,1270
311,3037
311,1663
311,1197
311,1513
311,2706
311,2710
311,2795
311,2028
312,1297
312,3111
312,2382
312,1952
312,1221
313,2987
313,2990
313,1252
313,1256
313,587
313,5
313,3007
313,1261
313,1265
313,596
313,1270
313,2076
313,2087
313,2097
313,1297
313,2413
313,1625
313,1480
313,1483
313,2287
313,3243
313,3248
313,1646
313,2450
313,1653
313,1663
313,2476
313,1687
313,1831
313,2662
313,260
313,2826
313,429
313,1101
313,292
313,2862
313,1127
313,1130
313,2890
313,480
313,482
313,2116
313,2118
313,2134
313,1337
313,1194
313,1197
313,2143
313,2160
313,2161
313,830
313,1513
313,1378
313,1387
313,858
313,2502
313,1713
313,2378
313,1722
313,2381
313,1584
313,3189
313,2393
313,1752
313,2701
313,2706
313,2710
313,2719
313,163
313,2581
313,170
313,2596
313,1797
313,1947
313,1017
313,1019
313,1032
313,1035
313,1974
313,2926
313,1983
313,377
313,2795
313,1996
313,527
313,69
313,2002
313,2005
313,538
313,2021
313,1221
313,2028
313,95
314,2245
314,2413
314,1625
314,1653
314,2485
314,260
314,2382
314,3186
314,2393
314,163
314,377
314,527
314,2028
315,2249
315,208
315,1831
315,1101
315,1584
315,2701
315,20
315,2002
315,95
316,1252
316,2076
316,911
316,2413
316,1625
316,950
316,2826
316,1127
316,1513
316,1752
316,1974
316,527
316,1203
316,1084
317,3070
317,1693
317,2826
317,1127
317,2153
317,3153
317,1019
317,1032
317,527
317,1203
317,2028
318,2987
318,1252
318,1256
318,728
318,5
318,3007
318,1261
318,1265
318,596
318,2071
318,1270
318,2087
318,3037
318,1297
318,2245
318,3051
318,2413
318,3070
318,1625
318,2450
318,3255
318,1653
318,994
318,1673
318,2485
318,260
318,1101
318,1127
318,2882
318,474
318,2890
318,480
318,2102
318,1305
318,492
318,2116
318,2118
318,1188
318,1197
318,2143
318,811
318,2161
318,837
318,1378
318,846
318,2188
318,858
318,862
318,3142
318,2502
318,2367
318,1713
318,2377
318,2378
318,1722
318,2381
318,1584
318,2393
318,149
318,2701
318,2706
318,2710
318,2583
318,198
318,1952
318,1032
318,1972
318,41
318,2926
318,2795
318,527
318,2002
318,2005
318,538
318,2010
318,2020
318,2021
318,1221
318,1224
318,1237
318,707
319,1252
319,1256
319,1261
319,950
319,3093
319,1635
319,2160
319,1387
319,858
319,3152
319,1952
319,1237
319,1094
320,2987
320,2413
320,2485
320,1197
320,1513
320,2188
320,1387
320,3186
320,2706
320,2710
320,2581
320,1032
321,1265
321,1625
321,3259
321,474
321,2890
321,2501
321,2502
321,1584
321,527
321,69
321,2028
322,2990
322,587
322,1265
322,1268
322,1270
322,2076
322,1293
322,1297
322,2245
322,783
322,3208
322,2413
322,3070
322,2287
322,2450
322,3255
322,1653
322,1663
322,3274
322,2474
322,2476
322,208
322,1689
322,2662
322,1862
322,260
322,2826
322,1101
322,292
322,2862
322,1127
322,1130
322,2883
322,474
322,2890
322,480
322,2116
322,2118
322,2134
322,1197
322,2143
322,2161
322,1378
322,2352
322,2502
322,2377
322,2378
322,1722
322,2393
322,141
322,2701
322,2706
322,151
322,163
322,1792
322,11
322,1019
322,1974
322,1983
322,377
322,1991
322,2795
322,1996
322,527
322,383
322,2002
322,2005
322,2009
322,544
322,2020
322,2021
322,2028
322,1228
322,95
323,1256
323,1265
323,1270
323,3037
323,2245
323,911
323,927
323,3255
323,1663
323,2102
323,1162
323,1197
323,2352
323,3189
323,2923
324,1431
324,1625
324,2287
324,480
324,1197
324,1387
325,1265
326,1265
326,2070
326,2071
326,1270
326,3028
326,1431
326,3037
326,1293
326,783
326,3070
326,2450
326,3255
326,1663
326,2474
326,1673
326,2476
326,208
326,1687
326,1831
326,1693
326,2662
326,1862
326,2669
326,260
326,265
326,2826
326,292
326,2862
326,1127
326,474
326,2890
326,480
326,2134
326,1194
326,1197
326,2153
326,1357
326,1366
326,3111
326,1513
326,1378
326,1387
326,3152
326,2352
326,1713
326,2377
326,1584
326,2393
326,141
326,2701
326,2706
326,159
326,163
326,2581
326,1792
326,198
326,1952
326,1019
326,2926
326,377
326,2795
326,527
326,2002
326,1204
326,2009
326,2021
326,1221
326,2028
326,95
326,1094
327,1270
327,1831
327,260
327,480
327,1197
327,2028
328,474
328,3186
328,3189
329,2987
329,2071
329,1270
329,1673
329,1866
329,2826
329,1127
329,1326
329,2142
329,2188
329,3153
329,2352
329,2502
329,141
329,144
329,2702
329,2706
329,2710
329,2719
329,2581
329,346
329,1203
329,1084
329,95
330,2987
330,2990
330,2053
330,587
330,5
330,3007
330,1261
330,1265
330,1268
330,596
330,3013
330,1270
330,1431
330,1297
330,2249
330,782
330,783
330,3208
330,2409
330,2413
330,3070
330,1625
330,1483
330,1488
330,3243
330,1653
330,3261
330,1663
330,3274
330,208
330,2483
330,2485
330,1687
330,1689
330,1831
330,2662
330,1862
330,1866
330,259
330,2810
330,260
330,2826
330,429
330,1101
330,292
330,1127
330,2882
330,473
330,474
330,480
330,482
330,2118
330,2134
330,809
330,1359
330,2161
330,2162
330,1513
330,1378
330,2325
330,1387
330,2195
330,1556
330,2502
330,1713
330,2377
330,2378
330,1722
330,2382
330,3186
330,1584
330,2393
330,2540
330,135
330,1752
330,2701
330,2702
330,2706
330,2710
330,2719
330,1772
330,163
330,170
330,1792
330,198
330,1972
330,1974
330,1975
330,511
330,1983
330,377
330,1991
330,2795
330,1999
330,2002
330,2005
330,2009
330,533
330,2010
330,540
330,544
330,2021
330,2028
330,93
330,565
331,2987
331,2053
331,587
331,5
331,2060
331,2067
331,1265
331,596
331,1270
331,3028
331,1426
331,2087
331,3037
331,2098
331,2249
331,783
331,3061
331,2409
331,1625
331,3244
331,3248
331,2450
331,3255
331,1653
331,3259
331,208
331,1831
331,1837
331,1693
331,1848
331,241
331,260
331,282
331,1101
331,292
331,1127
331,2882
331,473
331,480
331,484
331,2102
331,1197
331,2142
331,1359
331,2161
331,2162
331,830
331,837
331,2312
331,1378
331,1387
331,858
331,3139
331,3153
331,1556
331,885
331,2501
331,2367
331,102
331,2378
331,1722
331,2393
331,2558
331,2701
331,151
331,2710
331,2574
331,163
331,1943
331,1947
331,11
331,1015
331,1017
331,1019
331,1961
331,1032
331,1035
331,361
331,1043
331,377
331,527
331,2002
331,2005
331,1204
331,2009
331,540
331,2028
331,1084
331,558
331,95
331,2043
331,2045
332,2990
332,1270
332,3037
332,2409
332,3070
332,949
332,1488
332,3093
332,2450
332,1653
332,3274
332,2476
332,208
332,1687
332,1831
332,2662
332,260
332,1101
332,292
332,1127
332,474
332,2893
332,480
332,1197
332,2153
332,1387
332,858
332,3153
332,2377
332,1722
332,1584
332,2393
332,2701
332,1772
332,163
332,1792
332,198
332,377
332,383
332,2009
332,2010
332,2021
332,1221
332,2028
332,92
332,95
333,1265
333,596
333,1270
333,1293
333,1663
333,1673
333,260
333,480
333,2118
333,1197
333,1387
333,858
333,306
333,2737
333,1947
333,1961
333,1035
333,2020
333,1221
333,2028
333,1228
333,1084
334,2987
334,3007
334,249
334,260
334,2898
334,2118
334,1344
334,2160
334,2161
334,2710
334,175
334,527
334,528
334,2005
334,1217
334,2028
335,1831
335,480
336,587
336,1265
336,3050
336,3079
336,1480
336,1631
336,3255
336,1653
336,1672
336,249
336,2826
336,451
336,2883
336,2884
336,474
336,2890
336,1357
336,1387
336,1399
336,2502
336,1713
336,1722
336,3186
336,141
336,2702
336,2706
336,163
336,2581
336,2583
336,2586
336,1792
336,198
336,377
336,2002
336,1094
337,1252
337,1265
337,1268
337,3011
337,3028
337,1293
337,950
337,3255
337,1653
337,1663
337,1673
337,2670
337,282
337,480
337,1188
337,858
337,2501
337,1722
337,1584
337,1758
337,2706
337,11
337,198
337,1952
337,1961
337,377
337,527
337,383
337,1203
337,1204
337,2020
337,1094
338,1265
338,1270
338,1197
338,858
338,2352
338,2028
339,1270
339,1297
339,2134
339,1378
339,2352
339,3186
339,2926
339,2795
340,1252
340,1265
340,2890
340,1197
340,1387
340,858
340,3186
340,3189
340,309
340,1925
340,527
340,2010
340,1221
340,2028
340,1094
341,2002
342,1265
342,1270
342,2076
342,2413
342,208
342,260
342,1101
342,2898
342,480
342,1197
342,2160
342,1387
342,858
342,170
342,2009
343,1265
343,1625
343,3255
343,1837
343,1848
343,2654
343,2898
343,480
343,2118
343,2160
343,885
343,2502
343,141
343,2710
343,1015
343,20
343,1999
343,2028
343,1241
343,2045
344,2826
344,1513
344,2701
344,2719
344,2574
344,1961
345,1653
345,282
345,1357
345,11
345,1961
345,383
346,2987
346,2070
346,2670
346,1387
346,2710
347,282
347,2134
347,1194
347,1513
347,2581
347,2926
347,1265
347,1270
347,2245
347,3255
347,1673
347,429
347,480
347,858
347,2378
347,141
347,2706
347,2795
347,527
347,2028
348,587
348,2413
348,1488
348,2435
348,208
348,1831
348,1862
348,1866
348,260
348,2826
348,1101
348,2844
348,292
348,2882
348,1197
348,2502
348,1584
348,2596
348,377
348,69
348,1221
348,95
348,1265
348,2249
348,782
348,1625
348,3243
348,3274
348,1672
348,1687
348,1693
348,451
348,474
348,480
348,1351
348,1378
348,2325
348,1387
348,858
348,1722
348,1752
348,2701
348,151
348,175
348,1792
348,198
348,2002
348,544
348,2028
349,2053
349,587
349,596
349,2087
349,3037
349,2098
349,3070
349,950
349,3093
349,1495
349,2450
349,208
349,1831
349,260
349,1101
349,292
349,1127
349,2890
349,2116
349,2118
349,1197
349,1513
349,2184
349,2188
349,3153
349,2501
349,2502
349,1584
349,2554
349,1943
349,1947
349,26
349,1961
349,1974
349,360
349,1204
349,1221
349,2987
349,1252
349,1254
349,1265
349,1270
349,1297
349,2245
349,2249
349,783
349,1635
349,3243
349,1653
349,1663
349,2633
349,2654
349,2662
349,429
349,480
349,1387
349,858
349,2352
349,1713
349,2393
349,135
349,141
349,144
349,2701
349,2710
349,1017
349,1019
349,1032
349,1035
349,527
349,528
349,2005
349,2009
349,538
349,2010
349,2020
349,2021
349,2028
349,1094
349,2043
350,2826
350,1127
350,1961
350,1203
350,527
351,998
351,260
351,1127
351,1197
351,11
351,1999
351,1228
351,707
351,2987
351,1265
351,1662
351,1663
351,480
351,2352
351,2710
351,2719
351,170
351,198
351,527
351,2028
352,587
352,2067
352,596
352,3011
352,2076
352,2087
352,3037
352,911
352,3061
352,2413
352,2485
352,2848
352,2863
352,2102
352,1197
352,1513
352,3152
352,1584
352,1593
352,2581
352,1947
352,11
352,1952
352,41
352,377
352,1221
352,2987
352,1252
352,1256
352,728
352,1265
352,3244
352,1663
352,1689
352,492
352,2312
352,2701
352,2706
352,1032
352,1035
352,513
352,1084
353,260
353,2554
353,377
353,2662
353,2010
354,2987
355,2070
355,1127
355,1513
355,2574
355,2581
355,1961
355,2987
355,2701
355,2702
355,2706
355,2710
355,2719
356,2890
357,1431
357,2558
357,1625
358,1127
358,2706
358,2710
358,2028
359,2097
359,260
359,2826
359,1130
359,2890
359,2118
359,656
359,1197
359,2160
359,695
359,2501
359,1584
359,2554
359,2596
359,1972
359,1974
359,1975
359,1983
359,1991
359,1252
359,1261
359,1265
359,1270
359,1293
359,1625
359,2654
359,1387
359,858
359,2367
359,2377
359,2702
359,2710
359,163
359,527
359,2010
359,2028
360,1431
360,208
360,1831
360,292
360,2153
360,95
360,480
360,1722
360,2002
360,2028
361,2413
361,1866
361,69
361,2987
361,1252
361,1261
361,1265
361,1625
361,2393
362,260
362,1101
362,377
362,474
362,480
362,1348
362,1387
362,858
362,151
362,198
362,527
362,2010
362,2028
363,2097
363,260
363,2160
363,1241
363,1261
364,2450
364,208
364,260
364,1127
364,1130
364,1197
364,2143
364,2161
364,3153
364,1972
364,1974
364,2987
364,1261
364,480
364,1348
364,2710
364,1017
364,527
364,2005
364,2021
364,2028
365,3063
365,260
365,1127
365,2890
365,1197
365,2502
365,2581
365,1203
365,1221
365,2987
365,1256
365,1265
365,1270
365,1297
365,3255
365,1663
365,1673
365,858
365,2701
365,2706
365,2710
365,2795
366,3186
367,3186
368,2053
368,587
368,3007
368,3014
368,2071
368,2076
368,2087
368,3037
368,2097
368,2409
368,3067
368,1488
368,2450
368,2474
368,208
368,1831
368,1862
368,260
368,265
368,2826
368,1101
368,292
368,2862
368,1127
368,1130
368,2890
368,2116
368,2118
368,2134
368,1194
368,1197
368,665
368,2143
368,2160
368,3109
368,2161
368,2184
368,2188
368,3153
368,1584
368,3198
368,2540
368,2596
368,11
368,1961
368,1974
368,2924
368,2926
368,1983
368,377
368,1991
368,1996
368,383
368,1204
368,1217
368,1221
368,1224
368,92
368,93
368,95
368,707
368,2987
368,1256
368,1261
368,1265
368,1270
368,1293
368,1297
368,2245
368,2249
368,1625
368,1631
368,3243
368,3248
368,3255
368,1653
368,1663
368,1673
368,1693
368,2662
368,429
368,474
368,480
368,2312
368,1378
368,1387
368,858
368,2352
368,2367
368,2377
368,2378
368,1722
368,2393
368,1752
368,141
368,2701
368,2702
368,2706
368,151
368,159
368,2710
368,163
368,198
368,1019
368,1032
368,1035
368,2795
368,527
368,2002
368,2005
368,2009
368,2010
368,2020
368,2021
368,2028
368,1084
368,1094
369,292
369,2200
369,480
369,527
369,2028
370,2067
370,596
370,3011
370,2070
370,2076
370,3028
370,2087
370,3037
370,2098
370,911
370,3061
370,3067
370,3069
370,949
370,2474
370,260
370,265
370,271
370,1101
370,2848
370,1119
370,2863
370,1130
370,1131
370,2118
370,1188
370,1197
370,2160
370,3109
370,2161
370,3111
370,3198
370,2575
370,306
370,1943
370,1946
370,1947
370,1952
370,1961
370,2926
370,1983
370,1999
370,2940
370,1203
370,1204
370,1217
370,1221
370,1224
370,1228
370,2987
370,1252
370,1270
370,1293
370,2245
370,3211
370,2287
370,1663
370,2633
370,2654
370,2662
370,1305
370,1337
370,1344
370,2312
370,1387
370,858
370,2352
370,2365
370,1017
370,2757
370,1019
370,1032
370,1035
370,2795
370,527
370,2005
370,2020
370,2028
370,1084
370,2043
371,292
371,2188
371,2502
371,383
371,69
371,95
371,1265
371,1270
371,1625
371,1653
371,1672
371,480
371,2706
371,2710
371,175
371,1792
371,511
371,1054
372,3028
372,260
372,2863
372,1162
372,2932
372,1252
372,1265
372,1270
372,527
373,2413
373,1197
373,2002
374,596
374,2076
374,3051
374,2485
374,265
374,2863
374,2890
374,2116
374,1188
374,1513
374,2188
374,2502
374,2574
374,2987
374,1265
374,1270
374,1625
374,3255
374,1663
374,1689
374,492
374,1344
374,858
374,1399
374,2702
374,2706
374,2795
374,527
375,3067
375,1188
375,2940
375,707
375,2987
375,1252
375,1256
375,1265
375,3248
375,1344
376,3037
376,3067
376,2474
376,260
376,1130
376,1131
376,1221
376,1224
376,2987
376,1252
376,1625
376,1663
376,1305
376,1387
376,858
376,2352
377,587
377,2474
377,269
377,282
377,2849
377,1197
377,3111
377,2171
377,3186
377,1593
377,2558
377,2581
377,1961
377,377
377,1221
377,1265
377,3255
377,3261
377,1672
377,1673
377,1351
377,858
377,2352
377,1758
377,151
377,2028
378,1224
378,1387
379,587
379,260
379,292
379,377
379,474
379,1722
379,527
379,2028
380,906
380,3067
380,265
380,2184
380,1584
380,1952
380,2924
380,2926
380,1204
380,1254
380,1256
380,1270
380,1305
380,2312
380,2357
380,2706
380,527
380,2028
381,2485
381,1831
381,2882
381,1556
381,377
381,3259
381,2393
381,2701
382,587
382,260
382,1127
382,2501
382,1584
382,11
382,1265
382,783
382,3255
382,3259
382,1689
382,480
382,2393
383,2070
383,2071
383,1449
383,3067
383,994
383,1188
383,1197
383,306
383,309
383,11
383,41
383,1221
383,2987
383,1265
383,492
383,2352
383,538
384,1221
384,1265
384,1270
384,1293
384,858
384,1035
385,2413
385,1488
385,2450
385,2474
385,1101
385,2862
385,2898
385,1197
385,2143
385,2161
385,2926
385,1983
385,1991
385,1228
385,2987
385,2990
385,1252
385,2203
385,1270
385,1297
385,1625
385,1689
385,1378
385,527
385,2005
385,2028
385,1094
386,2076
386,260
386,2890
386,1265
386,1625
386,3255
386,3261
386,492
386,102
386,144
386,527
386,2028
386,1094
387,2067
387,1224
387,527
387,2028
388,2474
388,2575
388,2706
388,2710
388,527
389,260
389,1101
389,2987
389,2990
389,1270
389,1663
389,1689
389,1387
389,2381
389,2382
389,2701
389,2795
390,2076
390,1449
390,3067
390,994
390,1119
390,1188
390,2171
390,3189
390,1952
390,2932
390,1221
390,1228
390,1270
390,1635
390,1673
390,858
390,2352
390,2378
390,1797
390,2020
391,2067
391,2890
391,2987
391,527
391,2028
392,208
392,260
392,265
392,1197
392,1204
392,1270
392,766
392,1635
392,480
392,1019
392,527
392,2028
392,1094
393,3152
393,1947
393,1961
393,1224
393,1387
393,858
393,527
394,587
394,1127
394,1593
394,1961
394,1974
394,1975
394,377
394,1221
394,1722
394,2701
394,2702
394,2706
394,2710
394,2719
394,2028
395,587
395,2060
395,2087
395,1449
395,2409
395,1483
395,1488
395,2476
395,208
395,2485
395,1831
395,229
395,1866
395,260
395,265
395,2826
395,271
395,1101
395,1127
395,1130
395,1188
395,2134
395,1194
395,1197
395,2160
395,1513
395,1556
395,1584
395,306
395,1946
395,11
395,41
395,377
395,1999
395,69
395,1204
395,1217
395,1221
395,95
395,1237
395,2987
395,1252
395,1265
395,1270
395,2245
395,1625
395,2283
395,1635
395,1653
395,3261
395,1663
395,3274
395,1672
395,1673
395,474
395,480
395,492
395,1357
395,830
395,1366
395,1378
395,2325
395,1387
395,858
395,2352
395,2367
395,100
395,2377
395,2378
395,2393
395,141
395,2706
395,175
395,198
395,501
395,1035
395,527
395,538
395,2020
395,1094
395,567
396,3189
396,2028
397,3070
397,3079
397,1480
397,208
397,260
397,265
397,1188
397,1197
397,3186
397,377
397,1221
397,707
397,2987
397,1252
397,1625
397,1653
397,3274
397,480
397,858
397,527
397,538
397,540
397,2020
397,2028
397,1094
398,911
398,3067
398,949
398,265
398,41
398,1203
398,1204
398,1221
398,1224
398,1252
398,1254
398,1653
398,1344
398,527
398,2021
399,906
399,3067
399,2483
399,260
399,3153
399,1584
399,1224
399,1252
399,1254
399,1256
399,2284
399,1653
399,1673
399,2662
399,480
399,1387
399,858
399,141
399,198
399,1019
399,2010
399,1094
400,1480
400,2826
400,2890
400,1188
400,2583
400,361
400,1268
400,2249
400,783
400,1625
400,1635
400,1653
400,3259
400,1357
400,151
400,2710
400,527
400,1094
401,587
401,2413
401,208
401,292
401,1127
401,2890
401,1197
401,2161
401,1584
401,2581
401,11
401,1961
401,1974
401,1991
401,2987
401,2990
401,1265
401,1270
401,1297
401,1625
401,3243
401,3255
401,1687
401,474
401,858
401,1713
401,2378
401,2710
401,527
401,533
401,2021
402,2053
402,260
402,1127
402,2116
402,1197
402,1556
402,1584
402,1270
402,1653
402,2662
402,2365
402,1722
402,2393
402,2701
402,163
402,198
402,1019
402,527
402,538
402,2021
402,2028
403,596
403,2070
403,3067
403,2102
403,2502
403,2581
403,2987
403,2706
403,2710
404,2476
404,1127
404,1197
404,3186
404,1961
404,1224
404,2987
404,1265
404,1270
404,1297
404,1663
404,1378
404,2352
404,2020
404,2028
405,587
405,3007
405,911
405,3079
405,265
405,1188
405,1197
405,2171
405,1535
405,2501
405,3186
405,306
405,1946
405,11
405,28
405,41
405,377
405,1265
405,3261
405,803
405,1357
405,1046
405,527
405,2020
405,1094
406,3070
406,2863
406,1197
406,1961
406,2926
406,1270
406,474
406,480
406,2028
407,1947
407,377
407,1032
407,1035
407,2028
408,3013
408,3070
408,260
408,1127
408,1584
408,1265
408,1270
408,480
408,1019
408,527
408,2028
409,3007
409,3186
409,3274
409,858
410,587
410,2067
410,3011
410,2076
410,3028
410,2087
410,3037
410,927
410,3070
410,949
410,950
410,3093
410,994
410,2474
410,260
410,265
410,2848
410,2863
410,1127
410,615
410,2102
410,2118
410,1188
410,1194
410,2160
410,3152
410,3186
410,3198
410,1946
410,1947
410,1952
410,1961
410,2926
410,377
410,1203
410,1204
410,1217
410,1221
410,1224
410,1228
410,2970
410,1237
410,2987
410,1252
410,1254
410,1256
410,2203
410,1265
410,2212
410,1270
410,1293
410,1635
410,3255
410,1653
410,1663
410,1673
410,2670
410,1344
410,1348
410,1357
410,1387
410,858
410,2352
410,2701
410,2706
410,151
410,2710
410,1797
410,1017
410,2757
410,1019
410,1035
410,527
410,2010
410,2020
410,2028
410,1084
410,1094
411,3037
411,2863
411,1188
411,1197
411,11
411,1961
411,1265
411,1270
411,1772
412,587
412,2076
412,949
412,1483
412,2450
412,208
412,260
412,265
412,1131
412,2160
412,1556
412,1584
412,305
412,309
412,1947
412,1952
412,1961
412,2926
412,377
412,2940
412,390
412,1217
412,1228
412,2970
412,2987
412,1252
412,1268
412,1270
412,1293
412,1673
412,480
412,1305
412,1344
412,858
412,2393
412,2701
412,2706
412,170
412,501
412,1035
412,2795
412,527
412,2010
412,540
412,2020
412,2021
412,2028
412,1084
412,1094
413,2053
413,2097
413,3070
413,2450
413,1831
413,1862
413,260
413,1127
413,1130
413,2116
413,2118
413,2160
413,11
413,1972
413,1974
413,1975
413,1983
413,1991
413,2940
413,1241
413,1261
413,1265
413,1270
413,2287
413,2633
413,2654
413,2662
413,480
413,1326
413,1337
413,1341
413,1387
413,2365
413,2367
413,2377
413,2393
413,2701
413,2706
413,198
413,1019
413,2009
413,2021
414,3079
414,1480
414,249
414,260
414,1101
414,3198
414,1947
414,1961
414,1221
414,1265
414,1270
414,1293
414,3274
414,811
414,1357
414,1387
414,858
414,2701
414,2702
414,2710
414,1035
414,527
414,2005
414,2020
414,2028
415,2413
415,2502
415,3186
415,1265
415,1270
415,837
415,2378
415,2706
415,2795
416,2450
416,259
416,2883
416,3186
416,1221
417,1127
417,41
418,3007
418,260
418,2890
418,1539
418,306
418,1952
418,1961
418,377
418,1221
418,1270
418,858
418,175
418,527
418,2028
418,1094
419,5
419,3186
419,1625
419,2002
420,2067
420,3011
420,2087
420,3037
420,2409
420,3093
420,260
420,2160
420,3153
420,3198
420,1947
420,1952
420,1203
420,1221
420,1252
420,2287
420,3244
420,2662
420,2670
420,1344
420,1378
420,1387
420,858
420,2367
420,1019
420,1035
420,2009
420,1084
421,1188
421,11
421,1265
421,783
421,1689
421,480
421,1722
421,141
422,2071
422,2076
422,3037
422,2409
422,3067
422,3070
422,1480
422,994
422,208
422,1831
422,1848
422,1875
422,260
422,265
422,271
422,1101
422,2849
422,2863
422,1127
422,1131
422,2883
422,2890
422,1188
422,1197
422,1513
422,2171
422,3152
422,2501
422,1584
422,3198
422,2575
422,306
422,11
422,1952
422,346
422,26
422,1961
422,360
422,41
422,2926
422,377
422,1221
422,1237
422,2987
422,1256
422,1265
422,1268
422,1270
422,1293
422,2249
422,783
422,2276
422,2284
422,1635
422,3244
422,3255
422,1653
422,1663
422,3274
422,1672
422,1673
422,451
422,474
422,480
422,492
422,1357
422,2312
422,1387
422,858
422,862
422,2357
422,2367
422,1722
422,1733
422,2393
422,141
422,144
422,2706
422,151
422,198
422,1019
422,538
422,2020
422,2028
422,1084
422,1094
423,260
423,1217
423,1221
423,527
424,1831
424,1866
424,260
424,1101
424,292
424,2890
424,2501
424,1584
424,20
424,377
424,95
424,1672
424,1687
424,473
424,474
424,480
424,1722
424,2393
424,2701
424,1792
424,527
424,2002
424,2028
425,1584
425,1265
425,1270
426,260
426,1952
426,1204
426,1217
426,1237
426,1252
426,2287
426,480
426,858
427,265
427,2826
427,1127
427,2890
427,1197
427,2501
427,1584
427,1961
427,1224
427,1265
427,1268
427,1270
427,1635
427,3255
427,1653
427,3259
427,3274
427,1672
427,480
427,2706
427,198
427,2020
427,1094
428,587
428,2071
428,2413
428,3070
428,949
428,2450
428,2476
428,260
428,1101
428,2882
428,2134
428,1197
428,2161
428,3111
428,11
428,1961
428,377
428,2987
428,1265
428,1270
428,1293
428,1297
428,3255
428,3259
428,1663
428,3274
428,1673
428,474
428,480
428,2312
428,1387
428,2352
428,2378
428,1722
428,2381
428,2393
428,1015
428,2786
428,2795
428,527
428,538
428,2020
428,2021
428,2028
428,1094
428,565
429,260
429,511
430,3037
430,949
430,1162
430,1952
430,1221
430,1224
430,1254
430,1256
430,1270
430,858
430,2357
430,527
430,2028
431,587
431,2070
431,3037
431,911
431,3070
431,1837
431,1101
431,2862
431,2863
431,2102
431,1197
431,2581
431,1961
431,2926
431,2987
431,1265
431,1270
431,3208
431,3244
431,3255
431,1663
431,2670
431,2352
431,1713
431,141
431,2701
431,2702
431,2706
431,2710
431,2719
431,2795
432,2476
432,260
432,2826
432,1127
432,2581
432,57
432,2987
432,2706
432,527
432,2021
433,2450
433,208
433,1866
433,260
433,2826
433,1127
433,2116
433,1197
433,2987
433,1252
433,1653
433,480
433,2701
433,163
433,2002
433,2028
434,3007
434,2485
434,2882
434,2883
434,1513
434,2188
434,2502
434,3186
434,2574
434,2581
434,2596
434,69
434,1673
434,2325
434,2701
434,2706
434,2710
434,2719
434,527
435,2485
435,1513
435,2581
435,88
435,1387
435,2706
435,2710
435,175
436,911
436,927
436,3061
436,3063
436,3067
436,2499
436,1197
436,1584
436,28
436,2987
436,1265
436,1270
436,2287
436,451
436,858
436,2357
437,3007
437,2076
437,3037
437,3067
437,260
437,2826
437,2890
437,1188
437,1197
437,665
437,2160
437,3152
437,306
437,2596
437,1952
437,2932
437,1204
437,1217
437,1224
437,1228
437,1236
437,1237
437,2987
437,1252
437,1256
437,2203
437,1265
437,2284
437,2654
437,480
437,1348
437,1387
437,858
437,1019
437,1032
437,1054
437,2010
437,1084
437,1094
437,2045
438,3079
438,1197
438,3189
438,28
438,1217
438,1224
438,1237
438,1252
438,1261
438,1357
438,1387
439,1848
439,260
439,1127
439,1252
439,1653
439,1348
439,1387
439,858
439,2393
439,2719
439,2757
440,3037
440,911
440,3061
440,970
440,260
440,2863
440,1197
440,2171
440,2502
440,2558
440,2581
440,11
440,2926
440,1221
440,1256
440,728
440,1265
440,1270
440,3255
440,3261
440,1663
440,492
440,837
440,1387
440,858
440,2352
440,144
440,2706
440,2795
440,2028
441,587
441,1252
441,858
441,2710
441,527
442,3007
442,2502
442,2987
442,2706
442,2710
443,3037
443,3067
443,2413
443,3070
443,2450
443,994
443,208
443,260
443,1101
443,2863
443,2890
443,2118
443,1188
443,1197
443,1514
443,2171
443,1952
443,360
443,361
443,377
443,1204
443,1228
443,2987
443,1252
443,1265
443,1270
443,1635
443,3244
443,3261
443,1663
443,1673
443,480
443,1357
443,1387
443,858
443,2701
443,2710
443,1797
443,1015
443,527
443,1094
444,587
444,2409
444,2413
444,998
444,205
444,2485
444,1831
444,1866
444,1875
444,260
444,1101
444,292
444,1127
444,2134
444,1197
444,1513
444,2171
444,2502
444,1593
444,305
444,306
444,2581
444,20
444,377
444,1221
444,95
444,1236
444,1265
444,1270
444,1297
444,2245
444,2249
444,3255
444,3261
444,1663
444,1687
444,1689
444,474
444,480
444,830
444,1378
444,2325
444,858
444,1722
444,2393
444,141
444,144
444,2701
444,163
444,170
444,1792
444,198
444,2002
445,2053
445,587
445,260
445,292
445,1127
445,1584
445,377
445,1270
445,1653
445,480
445,2393
445,2701
445,170
445,2021
446,2070
446,2076
446,3061
446,973
446,2826
446,1127
446,2882
446,2102
446,1513
446,2188
446,2581
446,1942
446,41
446,2987
446,2669
446,2670
446,2701
446,2706
446,2719
446,2757
447,3037
447,260
447,282
447,1127
447,1131
447,1197
447,2502
447,1584
447,2574
447,11
447,1961
447,377
447,2987
447,1265
447,1270
447,1293
447,1625
447,1663
447,1673
447,1693
447,480
447,2312
447,1387
447,858
447,2352
447,2706
447,2710
447,527
447,2028
447,1084
447,1094
448,3061
448,2413
448,3070
448,260
448,2863
448,1127
448,2143
448,2160
448,1947
448,1270
448,783
448,1035
448,2005
449,3007
449,3037
449,906
449,3070
449,229
449,260
449,2826
449,1147
449,2893
449,2116
449,1197
449,2502
449,2579
449,377
449,1221
449,1237
449,707
449,1252
449,1268
449,1653
449,1673
449,480
449,858
449,2706
449,151
449,198
449,2021
449,2028
450,3079
450,2501
450,1584
450,1900
450,2581
450,728
450,1265
450,1270
450,1635
450,3255
450,1693
450,492
450,2357
451,3037
451,949
451,950
451,260
451,269
451,1131
451,1147
451,1197
451,1942
451,1946
451,1947
451,1952
451,41
451,388
451,1204
451,1217
451,1221
451,1224
451,1228
451,1252
451,1254
451,1256
451,2203
451,1293
451,2287
451,1635
451,1684
451,1344
451,1348
451,1387
451,2365
451,1032
451,527
451,2010
451,2028
451,1084
452,587
452,3007
452,3051
452,265
452,2844
452,2893
452,2558
452,2581
452,1952
452,377
452,1228
452,1265
452,1733
452,163
452,527
453,587
453,5
453,2409
453,1488
453,1495
453,2450
453,208
453,1866
453,260
453,2826
453,292
453,2863
453,1127
453,2890
453,2102
453,1197
453,2142
453,2143
453,2161
453,2162
453,1513
453,2195
453,1556
453,2501
453,1584
453,1947
453,1974
453,1975
453,360
453,377
453,383
453,69
453,1203
453,1221
453,95
453,2987
453,1265
453,1270
453,782
453,783
453,3208
453,1625
453,1631
453,3274
453,1687
453,473
453,474
453,480
453,1378
453,1387
453,858
453,888
453,1722
453,2393
453,141
453,151
453,2710
453,2719
453,1772
453,163
453,170
453,1792
453,1797
453,198
453,1017
453,1032
453,527
453,2002
453,2005
453,533
453,2028
454,587
454,1127
454,2883
454,1197
454,2142
454,1947
454,377
454,1265
454,3217
454,527
454,1084
455,587
455,998
455,208
455,2485
455,249
455,265
455,292
455,1188
455,2153
455,1514
455,2171
455,2188
455,11
455,377
455,1265
455,3261
455,3274
455,451
455,474
455,803
455,1722
455,1752
455,2701
455,2710
455,163
455,2002
455,533
455,544
455,2028
455,1094
456,1147
457,265
457,1584
457,309
457,11
457,1268
457,1653
457,3259
457,3261
457,2312
457,1399
457,527
457,2028
457,1094
458,596
458,2087
458,260
458,2102
458,1197
458,2161
458,837
458,1015
458,1032
458,558
459,2435
459,249
459,265
459,627
459,2188
459,1584
459,1268
459,3255
459,1693
459,175
459,527
459,2028
460,587
460,265
460,292
460,2890
460,11
460,377
460,1265
460,1625
460,3255
460,1693
460,480
460,1722
460,2393
460,2706
460,527
460,2002
460,2028
461,210
461,259
461,260
461,2153
461,3153
461,383
461,1204
461,1221
461,1254
461,2669
461,2670
461,480
461,484
461,858
461,2702
461,1797
461,1019
461,2002
461,1084
462,5
462,1449
462,2450
462,2485
462,260
462,1197
462,2143
462,1513
462,2502
462,305
462,1221
462,1261
462,1265
462,2249
462,3255
462,492
462,141
462,144
462,2706
462,527
462,2005
463,2067
463,2076
463,906
463,911
463,950
463,1898
463,2890
463,695
463,2184
463,1925
463,41
463,2940
463,1204
463,1224
463,707
463,2987
463,1252
463,2203
463,2662
463,2669
463,2670
463,492
463,1344
463,527
463,2028
463,1094
464,1495
464,208
464,260
464,2821
464,1127
464,1197
464,2153
464,11
464,361
464,1265
464,1270
464,3244
464,1663
464,2352
464,2706
464,1015
464,1017
464,2028
465,3037
465,3093
465,2160
465,383
465,1228
465,707
465,1252
465,2633
465,1344
465,1387
466,911
466,265
466,2863
466,1197
466,306
466,11
466,69
466,1265
466,1270
466,527
466,2020
466,2028
467,2053
467,5
467,3014
467,3028
467,911
467,1848
467,260
467,1127
467,2134
467,1197
467,2142
467,2161
467,1513
467,1593
467,2558
467,2581
467,11
467,2987
467,1270
467,1297
467,2245
467,2249
467,3208
467,3243
467,3244
467,3248
467,3255
467,1663
467,1689
467,1378
467,2352
467,2367
467,2378
467,2381
467,2382
467,1772
467,1015
467,1019
467,2002
467,2005
468,587
468,5
468,2071
468,949
468,998
468,260
468,265
468,1101
468,1127
468,633
468,1188
468,1194
468,1197
468,2153
468,3152
468,1556
468,11
468,1961
468,377
468,69
468,1236
468,2987
468,1261
468,1265
468,1268
468,1270
468,1293
468,3255
468,3259
468,3261
468,1672
468,1673
468,1693
468,429
468,480
468,830
468,1378
468,1387
468,144
468,175
468,527
468,2020
468,2028
469,2067
469,260
469,2890
469,2160
469,2501
469,1952
469,41
469,1203
469,1204
469,1221
469,1228
469,1252
469,1256
469,1265
469,1293
469,1673
469,2654
469,480
469,1337
469,1348
469,837
469,1387
469,858
469,2352
469,885
469,151
469,527
469,2010
469,2028
470,618
470,11
470,1265
471,2450
471,1831
471,260
471,2826
471,1127
471,1584
471,2987
471,1252
471,1265
471,1625
471,1653
471,3259
471,480
471,858
471,2377
471,2393
471,2702
471,2710
471,2719
471,1797
471,198
471,2757
471,527
471,2021
471,2028
472,3061
472,260
472,1188
472,1197
472,1221
472,1256
472,1270
472,2662
472,1387
472,858
472,2352
472,1084
473,3067
473,2485
473,260
473,2826
473,2848
473,2863
473,1127
473,1131
473,1188
473,1513
473,2188
473,2501
473,2502
473,306
473,309
473,2581
473,28
473,1203
473,1204
473,1217
473,1221
473,1224
473,1228
473,1237
473,2987
473,1252
473,1256
473,2287
473,1348
473,858
473,2701
473,2706
473,2710
473,2719
473,527
474,2076
474,949
474,994
474,2474
474,2485
474,260
474,265
474,1101
474,1188
474,1197
474,3142
474,3152
474,1584
474,2583
474,2596
474,1947
474,11
474,1961
474,2926
474,377
474,1203
474,1221
474,2987
474,1252
474,2203
474,1265
474,1270
474,2245
474,3217
474,1625
474,3244
474,3255
474,3261
474,1673
474,480
474,1344
474,1357
474,1366
474,2312
474,858
474,2352
474,527
474,528
474,2020
474,2028
474,1084
474,1094
475,2053
475,587
475,596
475,2076
475,2087
475,3070
475,1480
475,1483
475,1488
475,2474
475,2476
475,1866
475,260
475,265
475,1101
475,292
475,2863
475,1127
475,2890
475,2116
475,1197
475,2143
475,2161
475,1535
475,3142
475,1584
475,1947
475,11
475,1952
475,41
475,2924
475,377
475,1204
475,1221
475,1224
475,95
475,2987
475,2990
475,1270
475,1297
475,783
475,3208
475,1625
475,3255
475,1663
475,2662
475,474
475,480
475,1357
475,1378
475,1387
475,858
475,1722
475,2393
475,151
475,163
475,1792
475,198
475,1032
475,1035
475,513
475,527
475,2002
475,2005
475,2010
475,2020
475,2021
475,2028
475,1094
476,3037
476,2409
476,260
476,1101
476,292
476,377
476,383
476,1221
476,474
476,480
476,1378
476,1387
476,858
476,1792
476,2002
476,2028
477,2067
477,2071
477,3067
477,269
477,2890
477,1961
477,2245
477,3217
477,3255
477,3261
477,1673
477,858
477,2352
477,2701
477,527
477,2002
477,538
477,2020
477,1094
478,596
478,2087
478,2413
478,260
478,2890
478,1197
478,1584
478,1961
478,69
478,1203
478,1265
478,1270
478,1672
478,480
478,1387
478,1797
478,2028
479,260
479,1101
479,292
479,1127
479,1197
479,2143
479,1947
479,1961
479,377
479,1221
479,2987
479,2990
479,1687
479,473
479,474
479,480
479,1378
479,1387
479,858
479,1722
479,2701
479,2706
479,151
479,163
479,1035
479,2002
479,2005
479,2021
479,2028
480,292
480,1194
480,1197
480,1261
480,1387
481,3070
481,260
481,1127
481,1197
481,2502
481,2987
481,2701
481,2706
481,170
482,69
482,1265
482,1270
482,858
483,2485
483,1831
483,2826
483,1961
483,2701
483,2706
483,2719
484,249
484,259
484,265
484,2826
484,2188
484,2502
484,3186
484,1584
484,2581
484,2596
484,69
484,1268
484,3255
484,1653
484,1673
484,2706
484,2710
484,175
484,198
484,527
484,2010
484,2028
485,2067
485,2071
485,205
485,271
485,3111
485,2171
485,306
485,1943
485,11
485,41
485,57
485,1204
485,1252
485,1268
485,2245
485,3255
485,1653
485,3259
485,1672
485,1693
485,846
485,858
485,1399
485,2702
485,527
485,538
485,2020
485,2028
486,1127
486,1270
486,480
487,587
487,265
487,292
487,1197
487,1265
487,3255
487,1689
487,830
487,2357
487,1713
487,141
487,159
487,1094
488,2076
488,3067
488,2413
488,3070
488,260
488,265
488,1197
488,3111
488,2188
488,3198
488,1952
488,1961
488,2926
488,2932
488,1204
488,1221
488,1224
488,1228
488,2987
488,1252
488,2245
488,1344
488,2312
488,858
488,2352
488,2367
488,2706
488,2710
488,1035
488,2009
488,2020
488,2021
488,1084
489,260
489,1188
489,1197
489,1947
489,377
489,1204
489,1265
489,1270
489,480
489,1797
490,2071
490,994
490,265
490,627
490,3186
490,1584
490,11
490,1635
490,3255
490,1672
490,1673
490,480
490,1387
490,858
490,1399
490,151
490,527
490,538
490,2028
490,1094
491,2087
491,3037
491,3070
491,1831
491,260
491,265
491,1101
491,292
491,1127
491,1197
491,2501
491,1584
491,3198
491,11
491,1961
491,377
491,1996
491,1270
491,1297
491,1625
491,1653
491,1693
491,480
491,1387
491,858
491,1722
491,2393
491,151
491,2002
491,2021
492,2053
492,587
492,2067
492,596
492,3011
492,2070
492,2076
492,3028
492,3037
492,2098
492,911
492,1449
492,2409
492,3067
492,2413
492,3070
492,3079
492,3093
492,973
492,2450
492,994
492,2474
492,208
492,260
492,265
492,282
492,1101
492,292
492,2863
492,1127
492,2883
492,2890
492,2134
492,1197
492,2157
492,3111
492,1513
492,2192
492,3152
492,3153
492,1556
492,2503
492,1584
492,3198
492,2558
492,2575
492,305
492,2581
492,1942
492,11
492,1952
492,28
492,1961
492,361
492,377
492,1204
492,1217
492,1221
492,1228
492,2970
492,1237
492,707
492,2987
492,2990
492,1252
492,1256
492,2203
492,1265
492,1270
492,1293
492,2245
492,3211
492,2283
492,1635
492,3244
492,1646
492,3255
492,1653
492,1663
492,3274
492,1673
492,1684
492,1693
492,474
492,480
492,492
492,2312
492,1378
492,1387
492,858
492,2352
492,2357
492,2367
492,2378
492,1722
492,1733
492,2393
492,141
492,151
492,1772
492,163
492,1017
492,2757
492,501
492,2795
492,527
492,538
492,2020
492,1084
492,1094
492,2043
493,596
493,2087
493,3037
493,1162
493,1197
493,3143
493,3198
493,1952
493,1204
493,2987
493,1252
493,1256
493,1387
493,1032
493,1084
494,2053
494,5
494,1431
494,1480
494,1831
494,249
494,265
494,282
494,1513
494,1584
494,306
494,11
494,26
494,92
494,1265
494,1268
494,1270
494,766
494,3208
494,1646
494,3255
494,1653
494,1689
494,429
494,480
494,830
494,1366
494,1713
494,2393
494,2701
494,527
494,2002
494,2021
