Rank,Company Name,Number of Employees,"Change in 
Rank","Revenues
($millions)","Revenue 
Change","Profits
($millions)","Profit 
Change","Assets
($millions)","Market Value 
As of 3/29/19 ($m)"
1,Walmart,2200000,-,514405,0.028,6670,-0.324,219295,279880.3
2,Exxon Mobil,71000,-,290212,0.188,20840,0.057,346196,342172
3,Apple,132000,1,265595,0.159,59531,0.231,365725,895667.4
4,Berkshire Hathaway,389000,-1,247837,0.024,4021,-0.911,707794,493870.3
5,Amazon.com,647500,3,232887,0.309,10073,2.321,162648,874709.5
6,UnitedHealth Group,300000,-1,226247,0.125,11986,0.135,152221,237255.5
7,McKesson,68000,-1,208357,0.049,67,-0.987,60381,22455.1
8,CVS Health,295000,-1,194579,0.053,-594,-1.09,196456,69951.6
9,AT&T,268220,-,170756,0.064,19370,-0.342,531864,228444.7
10,AmerisourceBergen,20500,2,167939.6,0.097,1658.4,3.55,37669.8,16785.9
11,Chevron,48600,2,166339,0.236,14824,0.612,253863,234049.7
12,Ford Motor,199000,-1,160338,0.023,3677,-0.516,256540,35028
13,General Motors,173000,-3,147049,-0.065,8014,-,227339,52291.7
14,Costco Wholesale,194000,1,141576,0.097,3134,0.17,40830,106512.6
15,Alphabet,98771,7,136819,0.234,30736,1.427,232792,816824.2
16,Cardinal Health,50200,-2,136809,0.053,256,-0.801,39951,14349.5
17,Walgreens Boots Alliance,299000,2,131537,0.113,5024,0.232,68124,59691.7
18,JPMorgan Chase,256105,2,131412,0.154,32474,0.329,2622532,331451.5
19,Verizon Communications,144500,-3,130863,0.038,15528,-0.484,264829,244327.9
20,Kroger,453000,-3,121162,-0.012,3110,0.631,38118,19630.8
21,General Electric,283000,-3,120268,-0.016,-22355,-,309129,87009.3
22,Fannie Mae,7400,-1,120101,0.069,15959,5.479,3418318,3242.6
23,Phillips 66,14200,5,114217,0.247,5595,0.096,54302,43240.7
24,Valero Energy,10261,7,111407,0.26,3122,-0.232,50155,35426.1
25,Bank of America,204489,-1,110584,0.103,28147,0.544,2354507,265938.5
26,Microsoft,131000,4,110360,0.227,16571,-0.218,258848,904860.9
27,Home Depot,413000,-4,108203,0.072,11121,0.289,44003,211828
28,Boeing,153000,-1,101127,0.083,10460,0.276,117359,215304.7
29,Wells Fargo,258700,-3,101060,0.034,22393,0.009,1895883,219467.1
30,Citigroup,204000,2,97120,0.104,18045,-,1917383,145625.4
31,Marathon Petroleum,60350,10,97102,0.436,2780,-0.19,92940,40258.2
32,Comcast,184000,1,94507,0.118,11731,-0.484,251684,180948
33,Anthem,63900,-4,92105,0.023,3750,-0.024,71571,73826.6
34,Dell Technologies,157000,1,90621,0.152,-2310,-,111820,42170.5
35,DuPont de Nemours,98000,12,85977,0.372,3844,1.633,188030,120201.4
36,State Farm Insurance,56788,-,81732.2,0.043,8788.4,2.983,272518.4,-
37,Johnson & Johnson,135100,-,81581,0.067,15297,10.767,152954,372228.9
38,IBM,381100,-4,79591,0.006,8728,0.517,123382,125560.1
39,Target,360000,-,75356,0.048,2937,0.001,41290,41440.9
40,Freddie Mac,6621,-2,73598,-0.014,9235,0.642,2063060,1748.7
41,United Parcel Service,364575,3,71861,0.091,4791,-0.024,50016,96116.3
42,Lowe's,245000,-2,71309,0.039,2314,-0.329,34508,87685.5
43,Intel,107400,3,70848,0.129,21053,1.193,127963,241488.9
44,MetLife,48000,-1,67941,0.027,5123,0.278,687538,40751
45,Procter & Gamble,92000,-3,66832,0.009,9750,-0.364,118310,260289.4
46,United Technologies,240200,5,66501,0.111,5269,0.158,134211,111146
47,FedEx,359000,3,65450,0.085,4572,0.526,52330,47270.8
48,PepsiCo,267000,-3,64661,0.018,12515,1.577,77648,172094.7
49,Archer Daniels Midland,31600,-1,64341,0.058,1810,0.135,40833,24156.7
50,Prudential Financial,50492,2,62992,0.055,4074,-0.482,815078,37517.7
51,Centene,47300,10,60116,0.238,900,0.087,30901,21939.7
52,Albertsons,275000,1,59924.6,0.004,46.3,-,21812.3,-
53,Walt Disney,201000,2,59434,0.078,12598,0.403,98598,199589.9
54,Sysco,67000,-,58727.3,0.061,1430.8,0.252,18070.4,34278.8
55,HP,55000,3,58472,0.123,5327,1.109,34622,29795.9
56,Humana,41600,-,56912,0.058,1683,-0.313,25413,36079.6
57,Facebook,35587,19,55838,0.374,22112,0.388,97334,475731.6
58,Caterpillar,104000,7,54722,0.204,6147,7.153,78509,77980.3
59,Energy Transfer,11768,5,54436,0.146,1694,0.776,88246,40260
60,Lockheed Martin,105000,-1,53762,0.053,5046,1.52,44876,84887.6
61,Pfizer,92400,-4,53647,0.021,11153,-0.477,159422,235785.1
62,Goldman Sachs Group,36600,8,52528,0.243,10459,1.44,931796,70414.9
63,Morgan Stanley,60348,4,50193,0.15,8748,0.432,853531,72110.8
64,Cisco Systems,74200,-2,49330,0.028,110,-0.989,108784,237665.5
65,Cigna,73800,8,48650,0.169,2637,0.179,153226,61058.9
66,AIG,49600,-6,47389,-0.043,-6,-,491984,37440.1
67,HCA Healthcare,229000,-4,46677,-0.02,3787,0.709,39207,44787
68,American Airlines Group,128900,3,44541,0.055,1412,-0.264,60580,14262
69,Delta Air Lines,88680,6,44438,0.077,3935,0.1,60266,35067.8
70,Charter Communications,98000,4,43634,0.049,1230,-0.876,146130,85923.4
71,New York Life Insurance,11388,-2,43425.3,0.027,880,-0.529,311449.3,-
72,American Express,59000,14,43281,0.216,6921,1.53,188602,91675.1
73,Nationwide,30472,-7,43270,-0.015,512.6,1.079,214141.9,-
74,Best Buy,125000,-2,42879,0.017,1464,0.464,12901,19030.2
75,Liberty Mutual Insurance Group,50000,-7,42685,0,2160,126.059,125989,-
76,Merck,69000,2,42294,0.054,6220,1.598,82637,214680.1
77,Honeywell International,114000,-,41802,0.031,6765,3.088,57773,115752.5
78,United Continental Holdings,92000,3,41303,0.095,2129,-0.001,44792,21279.5
79,TIAA,17643,5,41052.1,0.14,1560.5,0.487,568190.2,-
80,Tyson Foods,121000,-,40052,0.047,3024,0.705,29109,25360.5
81,Oracle,137000,1,39831,0.056,3825,-0.59,137264,183562.2
82,Allstate,45420,-3,39815,0.034,2252,-0.294,112249,31264.3
83,World Fuel Services,5000,8,39750.3,0.18,127.7,-,5676.9,1940.6
84,Massachusetts Mutual Life Insurance,9844,9,39267.2,0.172,397.9,-0.224,265812.6,-
85,TJX,270000,-,38972.9,0.087,3059.8,0.173,14326,65615.7
86,ConocoPhillips,10800,9,38727,0.189,6257,-,69980,75710.1
87,Deere,74413,15,37357.7,0.256,2368.4,0.097,70108,50908
88,Tech Data,14000,-5,37239,0.013,340.6,1.92,12986.6,3779
89,Enterprise Products Partners,7000,16,36534.2,0.249,4172.4,0.491,56969.8,63579.8
90,Nike,73100,-1,36397,0.06,1933,-0.544,22536,132529.5
91,Publix Super Markets,202000,-3,36395.7,0.045,2381.2,0.039,18982.5,-
92,General Dynamics,105600,7,36193,0.169,3345,0.149,45408,48883
93,Exelon,33383,-1,35985,0.073,2010,-0.467,119666,48623.7
94,Plains GP Holdings,4900,21,34055,0.299,334,-,26830,3974.4
95,3M,93516,2,32765,0.035,5349,0.101,36500,119659.8
96,AbbVie,30000,14,32753,0.161,5687,0.071,59352,119125.3
97,CHS,10495,-1,32683.3,0.02,775.9,9.838,16381.2,-
98,Capital One Financial,47600,3,32377,0.079,6015,2.035,372538,38340.7
99,Progressive,37346,13,31979,0.192,2615.3,0.643,46575,42099.5
100,Coca-Cola,62600,-13,31856,-0.1,6434,4.155,83216,200334.1
101,USAA,33689,-1,31367.8,0.045,2291.9,-0.054,158506.8,-
102,Hewlett Packard Enterprise,60000,5,30852,0.069,1908,4.547,55493,21144.9
103,Abbott Laboratories,103000,8,30578,0.116,2368,3.964,67173,140412.2
104,Twenty-First Century Fox,22400,5,30400,0.067,4464,0.512,53831,-
105,Micron Technology,36000,45,30391,0.495,14135,1.778,43376,45739.4
106,Travelers,30400,-,30282,0.048,2523,0.227,104233,36126.7
107,Rite Aid,48410,-13,30215.4,-0.08,943.5,231.783,8989.3,685.7
108,Northrop Grumman,85000,10,30095,0.166,3229,0.602,37653,45821
109,Arrow Electronics,20100,4,29676.8,0.107,716.2,0.782,17784.4,6564.4
110,Philip Morris International,77400,-2,29625,0.031,7911,0.311,39801,137516.7
111,Northwestern Mutual,5870,-7,29124,-0.007,783,-0.23,272167,-
112,INTL FCStone,1701,-9,27622.7,-0.061,55.5,7.672,7824.7,739.5
113,PBF Energy,3266,22,27186.1,0.248,128.3,-0.691,8005.4,3732
114,Raytheon,67000,5,27058,0.067,2909,0.437,31864,51390.1
115,Kraft Heinz,39000,-1,26259,0.001,-10229,-1.93,103627,39814.6
116,Mondelez International,80000,1,25938,0.002,3381,0.157,62729,72171.7
117,U.S. Bancorp,75772,5,25775,0.074,7096,0.141,467374,77116.5
118,Macy's,130000,2,25739,0.036,1108,-0.284,19194,7388.4
119,Dollar General,135000,4,25625,0.092,1589.5,0.033,13204,30960.6
120,Nucor,26300,31,25067.3,0.238,2360.8,0.79,17920.6,17784
121,Starbucks,291000,11,24719.5,0.104,4518.3,0.566,24156.4,92449.2
122,DXC Technology,150000,252,24556,2.228,1751,-,33921,17252.5
123,Eli Lilly,38680,6,24555.7,0.074,3232,-,43908.4,134355.9
124,Thermo Fisher Scientific,69200,20,24358,0.164,2938,0.32,56232,109215.3
125,US Foods Holding,24900,-4,24175,0.001,407,-0.084,9186,7597.8
126,Duke Energy,30083,-1,24116,0.04,2666,-0.128,145392,65488.1
127,Halliburton,60000,19,23995,0.164,1656,-,25982,25565.5
128,Cummins,62610,21,23771,0.164,2141,1.143,19062,24839.1
129,Amgen,21500,1,23747,0.039,8394,3.242,66416,118220.4
130,Paccar,28000,25,23495.7,0.208,2195.1,0.31,25482.4,23630.4
131,Southern,30286,-5,23495,0.02,2226,1.644,116914,53466.3
132,CenturyLink,45000,34,23443,0.328,-1733,-2.248,70256,12946.6
133,International Paper,53000,-9,23306,0,2012,-0.062,33576,18518.9
134,Union Pacific,41967,7,22832,0.075,5966,-0.443,59147,120865.2
135,Dollar Tree,119650,-1,22823.3,0.026,-1590.8,-1.928,13501.2,25021
136,Penske Automotive Group,27000,3,22785.1,0.065,471,-0.232,10904.5,3756.8
137,Qualcomm,35400,-4,22732,0.02,-4864,-2.972,32686,69023.7
138,Bristol-Myers Squibb,23300,7,22561,0.086,4920,3.886,34986,77895
139,Gilead Sciences,11000,-23,22127,-0.152,5455,0.179,63675,82881
140,Jabil,199000,19,22095.4,0.159,86.3,-0.331,12045.6,4113.9
141,ManpowerGroup,30000,2,21991.2,0.045,556.7,0.021,8519.8,4964.7
142,Southwest Airlines,58803,-,21965,0.038,2465,-0.293,26243,28690.1
143,Aflac,11390,-6,21758,0.004,2920,-0.366,140406,37442.5
144,Tesla,48817,116,21461.3,0.825,-976.1,-,29739.6,48337.8
145,AutoNation,26000,-7,21412.8,-0.006,396,-0.089,10665.1,3216.9
146,CBRE Group,90000,61,21340.1,0.502,1063.2,0.538,13456.8,16607
147,Lear,169000,1,21148.5,0.033,1149.8,-0.125,11600.7,8470.4
148,Whirlpool,92000,-8,21037,-0.01,-183,-1.523,18347,8454.6
149,McDonald's,210000,-18,21025.2,-0.079,5924.3,0.141,32811.2,145333.8
150,Broadcom,15000,-,20848,0.181,12259,6.245,50124,119034.7
151,Marriott International,176000,-24,20758,-0.093,1907,0.39,23696,42117.1
152,Western Digital,71600,6,20647,0.081,675,0.7,29235,13978.3
153,Visa,17000,8,20609,0.123,10301,0.538,69225,343774.2
154,Lennar,11626,76,20571.6,0.627,1695.8,1.092,28566.2,15513.8
155,WellCare Health Plans,12000,15,20414.1,0.2,439.8,0.177,11764.7,13569
156,Kohl's,81500,1,20229,0.059,801,-0.068,12469,11220.9
157,AECOM,87000,7,20155.5,0.107,136.5,-0.598,14681.1,4631.3
158,Synnex,231600,11,20053.8,0.176,300.6,-0.002,11480.4,4885.1
159,PNC Financial Services,51996,6,19993,0.109,5301,-0.007,382315,55640.1
160,Danaher,71000,2,19893,0.085,2650.9,0.064,47832.5,94485.9
161,Hartford Financial Services,18500,-5,19827,0.031,1807,-,62307,17872.9
162,Altria Group,8300,-8,19627,0.007,6963,-0.319,55638,107648.6
163,Bank of New York Mellon,51300,12,19214,0.156,4266,0.043,362873,48152.7
164,Fluor,53349,-11,19166.6,-0.018,224.8,0.175,8913.6,5137.6
165,Avnet,15400,-37,19036.9,-0.168,-156.4,-1.298,9596.8,4702.5
166,Icahn Enterprises,29034,-30,18979,-0.127,1507,-0.38,23396,13874.6
167,Occidental Petroleum,11000,53,18934,0.426,4131,2.151,43854,49509.5
168,Molina Healthcare,11000,-16,18890,-0.05,707,-,7154,8890.9
169,Genuine Parts,50000,8,18735.1,0.149,810.5,0.314,12683,16350.1
170,Freeport-McMoRan,26800,6,18628,0.135,2602,0.432,42216,18678.4
171,Kimberly-Clark,41000,-8,18486,0.012,1410,-0.381,14518,42635.2
172,Tenet Healthcare,102795,-25,18313,-0.112,111,-,22409,2968.6
173,Synchrony Financial,16500,-,18253,0.093,2790,0.442,106792,22644.6
174,CarMax,25110,-,17976.8,0.081,664.1,0.059,17486.3,11690
175,HollyFrontier,3622,31,17714.7,0.243,1098,0.363,10994.6,8413.6
176,Performance Food Group,15000,-5,17619.9,0.051,198.7,1.063,4000.9,4170.2
177,Sherwin-Williams,53368,13,17534.5,0.17,1108.7,-0.374,19134.3,39918.5
178,Emerson Electric,87500,-,17408,0.068,2203,0.451,20390,42083
179,NGL Energy Partners,2400,44,17282.7,0.327,-70.9,-1.517,6151.1,1740.2
180,XPO Logistics,100000,6,17279,0.123,422,0.24,12270,5868.1
181,EOG Resources,2800,89,17275.4,0.541,3419,0.324,33934.5,55209.9
182,Applied Materials,21000,19,17253,0.187,3313,-0.035,17773,37652.9
183,PG&E,24000,-15,16759,-0.022,-6851,-5.162,76995,9390.6
184,NextEra Energy,14300,-17,16727,-0.027,6638,0.234,103702,92439.3
185,C.H. Robinson Worldwide,15262,8,16631.2,0.118,664.5,0.316,4427.4,11948.8
186,Gap,135000,-5,16580,0.046,1003,0.183,8049,9911.7
187,Lincoln National,11034,18,16424,0.152,1641,-0.211,298147,11992
188,DaVita,77700,-9,16368.6,0.021,159.4,-0.76,19110.3,9033.9
189,Jones Lang LaSalle,90000,167,16318.4,1.057,484.5,0.906,10025.5,7033.9
190,WestRock,45100,4,16285.1,0.096,1906.1,1.691,25360.5,9793.5
191,CDW,9019,-2,16240.5,0.069,643,0.229,7167.7,14172.1
192,American Electric Power,17582,-7,16195.7,0.05,1923.8,0.006,68802.8,41312.8
193,Cognizant Technology Solutions,281600,2,16125,0.089,2101,0.397,15913,41665.9
194,D.R. Horton,8437,17,16068,0.14,1460.3,0.406,14114.6,15452.2
195,Becton Dickinson,76032,56,15983,0.322,311,-0.717,53904,67193.2
196,Nordstrom,74000,-13,15860,0.025,564,0.291,7886,6879
197,Netflix,7100,64,15794.3,0.351,1211.2,1.167,25974.4,155673.6
198,Aramark,227200,2,15789.6,0.081,567.9,0.519,13720.1,7278.1
199,Texas Instruments,29888,-7,15784,0.055,5580,0.515,17137,99559.2
200,General Mills,40000,-18,15740.4,0.008,2131,0.286,30624,30987.4
201,Supervalu,23000,-21,15679,-0.021,45,-0.931,4387,-
202,Colgate-Palmolive,34500,-18,15544,0.006,2400,0.186,12161,58931.4
203,Goodyear Tire & Rubber,64000,-16,15475,0.006,693,1.003,16872,4215.6
204,PayPal Holdings,21800,18,15451,0.18,2057,0.146,43332,121826.1
205,PPG Industries,47300,-14,15374,0.027,1341,-0.157,16015,26648.8
206,Omnicom Group,70400,-18,15290.2,0.001,1326.4,0.219,24617,16327.2
207,Celgene,8852,17,15281,0.175,4046,0.376,35480,66242.2
208,Jacobs Engineering Group,77600,89,14984.6,0.495,163.4,-0.444,12645.8,10490.3
209,Ross Stores,88100,-,14983.5,0.06,1587.5,0.165,6073.7,34501.8
210,Marsh & McLennan,66000,2,14950,0.066,1650,0.106,21578,47660.1
210,Mastercard,14800,26,14950,0.196,5859,0.497,24860,241550.3
212,Land O'Lakes,10000,4,14936.2,0.087,254.5,-0.19,9124.4,-
213,Waste Management,43700,-11,14914,0.03,1925,-0.012,22650,44128.7
214,Illinois Tool Works,48000,-10,14768,0.032,2563,0.519,14870,46922.6
215,Ecolab,49000,-,14668.2,0.06,1429.1,-0.053,20074.5,50908.2
216,Booking Holdings,24500,13,14527,0.146,3998,0.708,22687,78543.2
217,CBS,14750,-20,14514,-0.013,1960,4.49,21859,17727.3
218,Parker-Hannifin,57170,38,14302.4,0.189,1060.8,0.079,15320.1,22201.7
219,Principal Financial,16475,-9,14237.2,0.01,1546.5,-0.331,243036.1,13968.6
220,DTE Energy,10600,12,14212,0.127,1120,-0.012,36288,22854.2
221,BlackRock,14900,16,14198,0.137,4305,-0.134,159573,67538.1
222,United States Steel,29000,24,14178,0.157,1115,1.881,10982,3378.5
223,Community Health Systems,78500,-63,14155,-0.234,-788,-,15859,433.5
224,Kinder Morgan,11012,-6,14144,0.032,1609,7.792,78866,45294.8
225,Qurate Retail,27226,63,14070,0.352,916,-0.625,17841,6961.7
226,Loews,17900,-9,14066,0.024,636,-0.454,78316,14920.6
227,Arconic,43000,-2,14014,0.081,642,-,18693,8658.4
228,Stanley Black & Decker,60767,-,13982.4,0.097,605.2,-0.506,19408,20610.3
229,Textron,35000,-21,13972,-0.016,1222,2.98,14264,11846.7
230,Las Vegas Sands,51500,-3,13729,0.066,2413,-0.14,22547,47247.2
231,Estee Lauder,46000,27,13683,0.157,1108,-0.113,12567,59790.5
232,DISH Network,16000,-29,13621.3,-0.054,1575.1,-0.249,30587,14827.5
233,Stryker,36000,7,13601,0.093,3553,2.483,27229,73695.7
234,Kellogg,34000,-8,13547,0.048,1336,0.053,17780,19722.6
235,Biogen,7800,10,13452.9,0.096,4430.7,0.745,25288.9,46498
236,Alcoa,14000,26,13403,0.15,227,0.046,15938,5224.1
237,Anadarko Petroleum,4700,20,13382,0.124,615,-,40376,22828.2
238,Dominion Energy,16100,-5,13366,0.062,2447,-0.184,77914,61281.9
239,ADP,57000,4,13325.8,0.076,1620.8,-0.065,37088.7,69587.5
240,salesforce.com,35000,45,13282,0.267,1110,7.707,30737,122103.3
241,L Brands,57200,-10,13236.9,0.048,643.9,-0.345,8090.2,7589.9
242,Henry Schein,22600,-4,13202,0.059,535.9,0.319,8500.5,9100.9
243,Newell Brands,37000,-47,13033.1,-0.116,-6917.9,-3.517,17716.4,6490.1
244,Guardian Life Ins. Co. of America,9556,-5,13014.9,0.045,464.9,0.021,74053,-
245,BJ's Wholesale Club,26383,-,13007.3,0.02,127.3,1.53,3239.3,3776.6
246,BB&T Corp.,35852,4,12996,0.069,3237,0.352,225697,35541
247,State Street Corp.,40142,12,12973,0.102,2599,0.194,244626,24919.6
248,Viacom,10880,-27,12943,-0.024,1719,-0.083,23783,11530.7
249,Ameriprise Financial,14062,3,12924,0.07,2098,0.418,137216,17345.1
250,Core-Mark Holding,8087,-3,12903.9,0.056,45.5,0.358,1666.1,1703.2
251,Reinsurance Group of America,2767,-17,12875.7,0.029,715.8,-0.607,64535.2,8922
252,VF,69000,-10,12862.3,0.037,658.6,0.071,10311.3,34382.1
253,Discover Financial Services,16600,10,12848,0.113,2742,0.306,109553,23215.1
254,Global Partners,2500,77,12672.6,0.421,103.9,0.769,2424.3,668.4
255,Edison International,12574,-11,12657,0.027,-423,-1.749,56715,20174.2
256,Oneok,2684,-7,12593.2,0.034,1151.7,1.97,18231.7,28746.9
257,Murphy USA,6800,22,12524,0.154,213.6,-0.129,2360.8,2755.6
258,Bed Bath & Beyond,65000,-10,12349.3,0.011,424.9,-0.38,7040.8,2335.7
259,Consolidated Edison,15307,-4,12337,0.025,1382,-0.094,53920,27230.6
260,CSX,22475,5,12250,0.074,3309,-0.395,36729,60805.2
261,J.C. Penney,95000,-26,12019,-0.039,-255,-,7721,471.4
262,LKQ,51000,38,11876.7,0.206,480.1,-0.1,11393.4,8926.4
263,FirstEnergy,12494,-44,11864,-0.129,1348,-,40063,22059.6
264,Steel Dynamics,8200,48,11821.8,0.239,1258.4,0.548,7703.6,7862.8
265,Lithia Motors,13643,29,11821.4,0.172,265.7,0.084,5384,2147
266,MGM Resorts International,74500,14,11763.1,0.092,466.8,-0.762,30210.7,13777.3
267,Tenneco,81000,53,11763,0.268,55,-0.734,13232,1793.2
268,Nvidia,13277,38,11716,0.206,4141,0.359,13292,108813.4
269,Sempra Energy,16823,2,11687,0.043,1049,3.098,60638,34508.6
270,Farmers Insurance Exchange,12740,-17,11650.4,-0.035,-70.5,-,17016.3,-
271,Ball,17500,6,11635,0.059,454,0.214,16554,19335
272,Group 1 Automotive,14570,1,11601.4,0.043,157.8,-0.261,5001.1,1186.6
273,Unum Group,9600,-6,11598.5,0.028,523.4,-0.474,61875.6,7260.8
274,Xcel Energy,11068,-8,11537,0.012,1261,0.098,45987,28903.8
275,Reliance Steel & Aluminum,15600,30,11534.5,0.187,633.7,0.033,8044.9,6054.5
276,Huntsman,10000,6,11527,0.088,337,-0.47,7953,5251.9
277,Norfolk Southern,26662,7,11458,0.086,2666,-0.507,36239,49860.3
278,Laboratory Corp. of America,61000,8,11333.4,0.085,883.7,-0.303,16185.3,15095.8
279,Corning,51500,14,11290,0.116,1066,-,27505,25990.7
280,Expedia Group,24500,15,11223,0.116,406,0.074,18033,17515.6
281,AutoZone,72450,-3,11221.1,0.031,1337.5,0.044,9347,25487.9
282,W.W. Grainger,23850,5,11221,0.076,782,0.335,5873,16732.7
283,Quanta Services,39200,33,11171.4,0.18,293.3,-0.069,7075.8,5336.2
284,Crown Holdings,33429,54,11151,0.282,439,0.359,15262,7384.9
285,Office Depot,44000,-4,11130,0.035,104,-0.425,6166,1971.9
286,Baxter International,50000,-3,11127,0.054,1624,1.265,15641,41558.9
287,Lam Research,10900,67,11077,0.382,2380.7,0.402,12479.5,27315.8
288,Entergy,13688,-14,11009.5,-0.006,848.7,1.062,48275.1,18214.6
289,Charles Schwab,19500,41,10989,0.226,3507,0.49,296482,57051.3
290,L3 Technologies,31000,-14,10841,-0.015,1005,0.484,13518,16368.2
291,NRG Energy,4862,-22,10797,-0.042,268,-,10628,11850.9
292,Live Nation Entertainment,16000,-2,10787.8,0.044,60.2,-,8496.9,13400.5
293,Universal Health Services,75650,-25,10772.3,-0.045,779.7,0.036,11265.5,12144.3
294,Molson Coors Brewing,17750,-19,10769.6,-0.021,1116.5,-0.287,30109.8,12958
295,eBay,14000,14,10746,0.123,2530,-,22819,33978.7
296,AES,9000,-82,10736,-0.225,1203,-,32521,11975.4
297,Devon Energy,2880,-84,10734,-0.23,3064,2.412,19566,13832.7
298,Pacific Life,3776,15,10699,0.125,913,-0.331,157699,-
299,CenterPoint Energy,7977,9,10589,0.101,368,-0.795,27009,15394.2
300,Discovery,9000,109,10553,0.535,594,-,32550,13632.8
301,BorgWarner,30000,-,10529.6,0.075,930.7,1.116,10095.3,7974.3
302,Targa Resources,2460,32,10484,0.189,1.6,-0.97,16938.2,9645.6
303,Ally Financial,8200,-4,10466,0.061,1263,0.36,178869,11025.3
304,SunTrust Banks,22899,-1,10431,0.071,2775,0.221,215543,26262.9
305,IQVIA Holdings,58000,-1,10412,0.069,259,-0.802,22549,28280.9
306,American Family Insurance Group,11975,5,10336.2,0.083,295.3,0.897,27502.5,-
307,Delek US Holdings,3717,77,10265.6,0.397,340.1,0.178,5760.6,2821.7
308,Navistar International,13100,34,10250,0.196,340,10.333,7230,3199.8
309,Chesapeake Energy,2350,5,10231,0.077,873,-0.08,10947,5058.3
310,United Natural Foods,10000,9,10226.7,0.103,165.7,0.273,2964.5,671.8
311,Leidos Holdings,32000,-19,10194,0.002,581,0.587,8770,9205.1
312,PulteGroup,5086,29,10188.3,0.188,1022,1.285,10173,7758.4
313,Eastman Chemical,14595,-3,10151,0.063,1080,-0.22,15995,10531.1
314,Republic Services,36000,-18,10040.9,0,1036.9,-0.189,21617,25851.5
315,Mohawk Industries,42100,-,9983.6,0.052,861.7,-0.113,13099.1,9121.9
316,Sonic Automotive,9700,-18,9951.6,0.009,51.7,-0.445,3796.8,636.7
317,Owens & Minor,17900,1,9838.7,0.056,-437,-7.003,3773.8,258.4
318,Xerox,32400,-27,9830,-0.042,361,0.851,14874,7307.6
319,Boston Scientific,32000,9,9823,0.086,1671,15.067,20999,53367.4
320,DCP Midstream,2650,24,9822,0.161,298,0.301,14266,4736.6
321,Autoliv,62091,-32,9801.1,-0.056,190.4,-0.554,6721.6,6413.4
322,Interpublic Group,54000,37,9714.4,0.232,618.9,0.069,15620.3,8087
323,Public Service Enterprise Group,13145,4,9696,0.067,1438,-0.086,45326,30002
324,PVH,29350,8,9656.8,0.083,746.4,0.388,11863.7,9164.1
325,Mosaic,13600,57,9587.3,0.294,470,-,20119.2,10527.2
326,Advance Auto Parts,55500,-9,9580.6,0.022,423.8,-0.109,9040.6,12221.9
327,Altice USA,11993,-,9566.6,0.026,18.8,-0.988,33613.8,14708
328,Hormel Foods,20100,-5,9545.7,0.041,1012.1,0.195,8142.3,23976.8
329,O'Reilly Automotive,64325,-,9536.4,0.062,1324.5,0.168,7980.8,30438.4
330,Calpine,2282,6,9512,0.087,10,-,16062,-
331,Hertz Global Holdings,38000,4,9504,0.08,-225,-1.688,21382,1457.8
332,First Data,19000,-78,9498,-0.212,1005,-0.314,38327,24767.2
333,Pioneer Natural Resources,3177,164,9415,0.726,978,0.174,17903,25639.3
334,Coty,20000,37,9398,0.228,-168.8,-,22630.2,8639.5
335,AGCO,21200,12,9352,0.126,285.5,0.532,7626.4,5335.4
336,Mutual of Omaha Insurance,6314,1,9347.2,0.07,277.3,-0.679,43913.4,-
337,Vistra Energy,5275,162,9144,0.684,-54,-,26024,12647.8
338,Avis Budget Group,25600,-5,9124,0.031,165,-0.543,19149,2646.2
339,Adobe,21357,50,9030,0.237,2590.8,0.529,18768.7,130034
340,Peter Kiewit Sons',20000,-1,9025,0.04,468,0.261,4760,-
341,News Corp.,28000,9,9024,0.109,-1514,-,16346,7286.8
342,Brighthouse Financial,1260,-,8965,-,865,-,206294,4230.2
343,Voya Financial,6000,-36,8934,-0.075,875,-,154682,7291
344,Air Products & Chemicals,16150,1,8930.2,0.058,1497.8,-0.501,19178.3,41940.8
345,Hilton Worldwide Holdings,169000,-21,8906,-0.026,764,-0.393,13995,24292.8
346,GameStop,33000,-24,8850.7,-0.041,-673,-20.395,4044.3,1036
347,Veritiv,8700,-1,8696.2,0.04,-15.7,-,2529.7,418.5
348,Williams,5322,5,8686,0.082,-155,-1.071,45302,34801.1
349,Campbell Soup,23000,9,8685,0.101,261,-0.706,14529,11481.6
350,Rockwell Collins,31200,65,8665,0.27,1032,0.464,19026,-
351,Thrivent Financial for Lutherans,3708,-8,8635.2,0.013,1233.9,1.21,94482.9,-
352,Westlake Chemical,8870,-,8635,0.074,996,-0.236,11602,8718.3
353,Univar,8500,-4,8632.5,0.046,172.3,0.438,5272.4,3760.5
354,J.B. Hunt Transport Services,27621,41,8614.9,0.198,489.6,-0.287,5091.6,11014.2
355,Frontier Communications,21173,-30,8611,-0.057,-643,-,23659,209.6
356,Jones Financial (Edward Jones),47000,20,8594,0.131,990,0.135,15815,-
357,National Oilwell Varco,34642,31,8453,0.157,-31,-,19796,10214.7
358,Eversource Energy,7998,6,8448.2,0.09,1033,0.046,38241.3,22512.6
359,Dick's Sporting Goods,27950,-19,8436.6,-0.018,319.9,-0.011,4187.1,3544.9
360,Genworth Financial,3500,-12,8430,0.016,119,-0.854,100923,1918.5
361,Fidelity National Information Services,47000,-35,8423,-0.077,846,-0.359,23770,36546.5
362,Yum China Holdings,450000,35,8415,0.178,708,0.757,4610,17019.2
363,Ryder System,39600,24,8409.2,0.147,273.3,-0.654,13051.1,3302.5
364,Anixter International,9300,-7,8400.2,0.06,156.3,0.434,4653.1,1878.7
365,Caesars Entertainment,66000,-,8391,0.729,303,-,25775,5823.5
366,Masco,26000,7,8359,0.094,734,0.377,5393,11568.7
367,Thor Industries,17500,25,8328.9,0.149,430.2,0.149,2778.7,3434.3
368,Alaska Air Group,23376,-13,8264,0.042,437,-0.577,10912,6937.1
369,Amphenol,73600,34,8202,0.17,1205,0.852,10044.9,28151.4
370,WESCO International,9100,-,8176.6,0.065,227.3,0.391,4605,2395.8
371,Huntington Ingalls Industries,40000,10,8176,0.099,836,0.745,6383,8631.3
372,Jefferies Financial Group,4700,-131,8151.8,-0.343,1026.8,4.979,47131.1,5686.9
373,Dana,30900,20,8143,0.13,427,2.847,5918,2545
374,Expeditors Intl. of Washington,17400,34,8138.4,0.176,618.2,0.263,3314.6,13043.9
375,EMCOR Group,33000,-7,8130.6,0.058,283.5,0.248,4088.8,4092.3
376,Darden Restaurants,180656,20,8080.1,0.127,596,0.244,5469.6,15002.6
377,SpartanNash,11400,-26,8064.6,-0.008,33.6,-,1971.9,570.6
378,Assurant,14250,62,8057.6,0.256,251,-0.517,41089.3,5854.3
379,United Rentals,18500,45,8047,0.212,1096,-0.186,18133,9002.2
380,Liberty Media,4641,-3,8040,0.059,531,-0.608,40828,12349.5
381,Erie Insurance Group,5547,-3,8030.7,0.066,686.3,-0.2,21178.2,-
382,Auto-Owners Insurance,5517,-7,7999.3,0.052,754.5,0.168,24476.4,-
383,Cheniere Energy,1372,106,7987,0.426,471,-,31987,17596.9
384,Fifth Third Bancorp,17437,-18,7973,0.034,2193,0,146069,19447.4
385,Foot Locker,32401,-22,7939,0.02,541,0.905,3820,6841.1
386,Conagra Brands,12400,-65,7938.3,-0.14,808.4,0.265,10389.5,13471.7
387,Zimmer Biomet Holdings,19800,-26,7932.9,0.014,-379.2,-1.209,24126.8,26124.8
388,Tractor Supply,22000,3,7911,0.09,532.4,0.26,3085.3,11839.7
389,Berry Global Group,24000,10,7869,0.109,496,0.459,9131,7024.9
390,Alliance Data Systems,20000,-25,7791.2,0.009,963.1,0.221,30387.7,9273.5
391,Hershey,15675,-12,7791.1,0.037,1177.6,0.504,7703,23944.3
392,PPL,12444,-12,7785,0.045,1827,0.62,43396,22882.5
393,Dean Foods,15000,-31,7755.3,-0.005,-326.9,-6.308,2118.5,277.9
394,Builders FirstSource,15000,6,7724.8,0.098,205.2,4.291,2932.3,1538.9
395,Oshkosh,15000,19,7705.5,0.128,471.9,0.652,5294.2,5262.6
396,EnLink Midstream,1449,-,7699,0.341,-13.2,-1.062,10694.1,6219.2
397,W.R. Berkley,7448,-28,7691.7,0.001,640.7,0.167,24896,10337
398,WEC Energy Group,7878,-26,7679.5,0.004,1059.3,-0.12,33475.8,24945.8
399,JetBlue Airways,18268,3,7658,0.092,188,-0.836,10426,5014.9
400,UGI,13000,57,7651.2,0.25,718.7,0.646,11980.9,9634.4
401,A-Mark Precious Metals,184,3,7606.2,0.088,-3.4,-1.479,743,83.7
402,Fidelity National Financial,23436,-100,7594,-0.223,628,-0.185,9301,10063.4
403,Constellation Brands,9600,-17,7585,0.035,2318.9,0.511,20538.7,33209.6
404,Quest Diagnostics,46000,-37,7531,-0.023,736,-0.047,11003,12072.8
405,Activision Blizzard,9900,-4,7500,0.069,1813,5.641,17835,34777.4
406,Weyerhaeuser,9300,-12,7476,0.039,748,0.285,17249,19663.4
407,Raymond James Financial,13900,24,7475.8,0.146,856.7,0.347,37412.9,11340.9
408,Casey's General Stores,27561,17,7472.1,0.125,317.9,0.791,3469.9,4716.9
409,Keurig Dr Pepper,25500,9,7442,0.112,586,-0.455,48918,39328.1
410,American Tower,5026,9,7440.1,0.116,1236.4,-0.002,33010.4,86930
411,Apache,3420,27,7424,0.156,40,-0.969,21582,13011.6
412,Dover,24000,-52,7395.8,-0.056,570.3,-0.297,8365.8,13621
413,KeyCorp,18180,-1,7393,0.076,1866,0.44,139613,15888.4
414,J.M. Smucker,7000,-31,7357.1,-0.005,1338.6,1.26,15301.2,13251.5
415,Citizens Financial Group,18140,20,7354,0.139,1721,0.042,160518,14962.7
416,Motorola Solutions,16000,27,7343,0.151,966,-,9409,23089.5
417,Magellan Health,10500,58,7314.2,0.253,24.2,-0.781,2979.1,1577.2
418,American Axle & Manufacturing,25000,31,7270.4,0.16,-57.5,-1.171,7510.7,1599
419,Newmont Goldcorp,12442,-34,7253,-0.013,341,-,20715,19053.6
420,Spirit AeroSystems Holdings,17000,-15,7222,0.034,617,0.739,5685.9,9672.1
421,Western & Southern Financial Group,2769,55,7205,0.235,495,0.594,50635.5,-
422,Fortive,24000,-2,7203.2,0.082,2913.8,1.79,12905.6,28072.2
423,Graybar Electric,8700,3,7202.5,0.086,143.3,1.001,2491.2,-
424,NVR,5600,20,7189.7,0.137,797.2,0.483,3165.9,10036.5
425,Avery Dennison,30000,2,7159,0.082,467.4,0.659,5177.5,9488.9
426,Celanese,7684,29,7155,0.165,1207,0.432,9313,12606.6
427,American Financial Group,7600,-14,7150,0.042,530,0.116,63456,8592.7
428,Toll Brothers,4900,52,7143.3,0.228,748.2,0.397,10244.6,5283
429,Sanmina,41200,-18,7110.1,0.035,-95.5,-1.688,4085.1,1974.2
430,Insight Enterprises,7420,-13,7080.1,0.056,163.7,0.805,2775.9,1954.8
431,Owens Corning,20000,11,7057,0.105,545,0.886,9771,5163.4
432,Packaging Corp. of America,15000,4,7014.6,0.088,738,0.104,6569.7,9391
433,TravelCenters of America,18277,32,6973.6,0.152,-120.6,-14.016,1442.1,166
434,Olin,6500,14,6946.1,0.108,327.9,-0.403,8997.4,3815.5
435,Arthur J. Gallagher,30362,19,6934,0.126,633.5,0.368,16334,14466.1
436,MasTec,19000,-8,6909.4,0.046,259.7,-0.252,4440,3656.9
437,Alleghany,9300,-,6887.2,0.072,39.5,-0.561,25344.9,8854.7
438,Owens-Illinois,26500,-28,6877,0.001,257,0.428,9699,2915.8
439,Asbury Automotive Group,8200,-5,6874.4,0.065,168,0.208,2695.4,1352.5
440,CMS Energy,8291,-11,6873,0.044,657,0.428,24529,15760
441,Markel,17400,23,6841.3,0.129,-128.2,-1.324,33306.3,13813.2
442,Blackstone Group,2615,-44,6833.3,-0.04,1541.8,0.048,28924.7,23030.9
443,AK Steel Holding,9500,18,6818.2,0.121,186,29,4515.7,869.8
444,Hanesbrands,68000,-11,6804,0.05,553.1,7.936,7256,6463.1
445,R.R. Donnelley & Sons,39500,-39,6800.2,-0.02,-11,-,3640.8,332.5
446,Wayfair,12124,-,6779.2,0.436,-504.1,-,1890.9,13524.3
447,Regions Financial,19969,13,6762,0.11,1759,0.393,125688,14401
448,Wynn Resorts,26000,-1,6717.7,0.065,572.4,-0.234,13216.3,12843.5
449,Ulta Beauty,30000,22,6716.6,0.141,658.6,0.186,3191.2,20683.9
450,Regeneron Pharmaceuticals,7400,23,6710.8,0.143,2444.4,1.04,11734.5,44871.4
451,Burlington Stores,44000,8,6668.5,0.091,414.7,0.078,3079.2,10509.6
452,Rockwell Automation,23000,-7,6666,0.056,535.5,-0.351,6262,20975.2
453,Northern Trust,18800,33,6658.9,0.165,1556.4,0.298,132212.5,19754.4
454,Chemours,7000,-3,6638,0.074,995,0.334,7362,6179.1
455,Seaboard,12600,26,6583,0.133,-17,-1.069,5307,5001.5
456,Marathon Oil,2400,-,6582,0.277,1096,-,21321,13677.2
457,Ascena Retail Group,39500,-34,6578.3,-0.011,-39.7,-,3570.5,213.4
458,Dillard's,31005,-19,6503.3,0.013,170.3,-0.231,3431.4,1897.6
459,Cintas,41000,41,6487.4,0.195,842.6,0.753,6958.2,21207.8
460,Advanced Micro Devices,10100,-,6475,0.215,337,6.837,4556,27601.5
461,Hess,1708,-,6466,0.196,-282,-,21433,18251.8
462,M&T Bank Corp.,16840,5,6454.7,0.072,1918.1,0.362,120097.4,21741.2
463,ABM Industries,140000,35,6442.2,0.181,97.8,24.737,3627.5,2407.8
464,Beacon Roofing Supply,8356,-,6418.3,0.466,98.6,-0.022,6508.7,2201
465,NCR,34000,-33,6405,-0.017,-88,-1.379,7761,3245.9
466,iHeartMedia,18300,-14,6325.8,0.026,-201.9,-,12269.5,97.4
467,Franklin Resources,9691,-26,6319.1,-0.011,764.4,-0.549,14383.5,16885.2
468,Ameren,8838,-15,6291,0.018,815,0.558,27215,18050.6
469,Intercontinental Exchange,5161,8,6276,0.076,1988,-0.209,92791,43074.1
470,S&P Global,21200,-7,6258,0.032,1958,0.309,9458,51812.4
471,Post Holdings,11550,-,6257.2,0.197,467.3,8.675,13057.5,7274.6
472,Analog Devices,15800,-,6200.9,0.214,1495.4,1.056,20449.8,38772.4
473,Ralph Lauren,18150,-52,6182.3,-0.071,162.8,-,6143.3,10195.7
474,Harris,17500,-67,6182,-0.109,718,0.298,9839,18839.5
475,Booz Allen Hamilton,24600,7,6171.9,0.063,305.1,0.208,3603.4,8144.4
476,Polaris Industries,12000,20,6166,0.12,335.3,0.944,4124.9,5152.9
477,Clorox,8700,-9,6124,0.025,823,0.174,5060,20565.2
478,Realogy Holdings,11400,-20,6079,-0.006,137,-0.682,7290,1301.9
479,HD Supply Holdings,11500,-49,6047,-0.075,394,-0.594,4233,7402.1
480,Graphic Packaging Holding,18000,-,6023,0.368,221.1,-0.263,7059.2,3733.3
481,Old Republic International,9000,-31,6021.8,-0.039,370.5,-0.339,19327.1,6334.1
482,Intuit,8900,-,5964,0.152,1211,0.247,5178,67724.3
483,NetApp,10300,12,5911,0.071,76,-0.851,9865,17125.2
484,Tapestry,16900,-,5880,0.31,397.5,-0.327,6678.3,9421.4
485,ON Semiconductor,35700,7,5878.3,0.06,627.4,-0.226,7587.6,8474.8
486,Ingredion,11000,-8,5841,0.002,443,-0.146,5728,6312.7
487,Zoetis,10000,-,5825,0.098,1428,0.653,10777,48198
488,Fiserv,24000,-1,5823,0.022,1187,-0.047,11262,34603.1
489,TreeHouse Foods,12700,-43,5812.1,-0.078,-61.4,-,5599.3,3614.1
490,Robert Half International,18900,-,5800.3,0.101,434.3,0.495,1903.1,7759.2
491,First American Financial,18251,-8,5747.8,-0.004,474.5,0.122,10630.6,5765.3
492,Harley-Davidson,5900,-4,5716.9,0.012,531.5,0.019,10665.7,5670.7
493,Windstream Holdings,11945,-19,5713.1,-0.024,-723,-,10257.9,12.9
494,Yum Brands,34000,-22,5688,-0.032,1542,0.151,4130,30583.2
495,Williams-Sonoma,19800,-,5671.6,0.072,333.7,0.286,2812.8,4434.8
496,Simon Property Group,4150,-3,5657.9,0.022,2440.1,0.253,30686.2,56301.7
497,Navient,6500,-,5610,0.083,395,0.353,104176,2828.9
498,Western Union,12000,-4,5589.9,0.012,851.9,-,8996.8,8050.9
499,Peabody Energy,7400,-8,5581.8,0.001,646.9,-,7423.7,3065.6
500,Levi Strauss,15100,-,5575.4,0.137,283.1,0.006,3542.7,9207.8